URL,Harga,Tipe Penawaran,Tipe Properti,Properti Sitaan,Terakhir Diupdate Pada:,Kamar Tidur,Kamar Mandi,"Luas Bangunan 
(m²)","Luas Tanah 
(m²)",SKU,Salin Tautan,Tersedia Sejak,Lahan Parkir,Jumlah Lantai,Kamar Pembantu,Kamar Mandi Pembantu,Kondisi Harga,Dibangun (Tahun),Deposit,Berperabot Penuh,Hak Milik SHM,Daya Listrik
https://www.lamudi.co.id/jual/jakarta/jakarta-selatan/tanah-dan-bangunan-kebagusan-jakarta-selatan-174548213194/,Rp 15M,Jual,"Rumah 
 -
Rumah",Tidak,16 Hari Yang Lalu,6,5,450,1425,HO6809F1931EA84ID,https://www.lamudi.co.id/s/6809f199dd0d7,,,,,,,,,,,
https://www.lamudi.co.id/jual/jakarta/jakarta-selatan/pejaten-rumah-asri-turun-harga-dalam-kompleks-loka-174919604728/,"Rp 5,50M",Jual,"Rumah 
 -
Rumah",Tidak,2 Hari Yang Lalu,6,3,240,409,HO66CCFF811F845ID,https://www.lamudi.co.id/s/66d0211c8c7a6,,,,,,,,,,,
https://www.lamudi.co.id/jual/jakarta/jakarta-timur/dijual-rumah-mewah-type-royal-jakarta-timur-174879760341/,"Rp 6,40M",Jual,"Rumah 
 -
Rumah",Tidak,8 Hari Yang Lalu,5,5,223,120,HO683C88A34D605ID,https://www.lamudi.co.id/s/683ccfe2de1db,,,,,,,,,,,
https://www.lamudi.co.id/jual/jakarta/jakarta-barat/dijual-rumah-mewah-3-lantai-di-taman-palem-jakarta-174825354843/,"Rp 2,60M",Jual,"Rumah 
 -
Rumah",Tidak,15 Hari Yang Lalu,6,4,200,90,HO68343B6C66C78ID,https://www.lamudi.co.id/s/68343b717cd94,,,,,,,,,,,
https://www.lamudi.co.id/jual/jakarta/jakarta-utara/dijual-rumah-2-lantai-lokasi-dekat-suntermall-174631104785/,"Rp 1,55M",Jual,"Rumah 
 -
Rumah",Tidak,8 Hari Yang Lalu,2,2,120,60,HO6816978777D40ID,https://www.lamudi.co.id/s/6816b4ea29d3e,28/4/2025,1,,,,,,,,,
https://www.lamudi.co.id/jual/jakarta/jakarta-pusat/di-jual-rumah-cempaka-putih-dekat-dengan-rs-islam-174660463031/,"Rp 1,58M",Jual,"Rumah 
 -
Rumah",Tidak,2 Hari Yang Lalu,3,3,78,45,HO67BDDB61A15A7ID,https://www.lamudi.co.id/s/67bddb64c7842,,1,,,,,,,,,
https://www.lamudi.co.id/jual/jakarta/jakarta-barat/dijual-cepat-murah-rumah-modern-posisi-hook-greenv-172794251518/,"Rp 8,50M",Jual,"Rumah 
 -
Rumah",Tidak,28 Hari Yang Lalu,5,5,650,320,HO66FE4F734E528ID,https://www.lamudi.co.id/s/66fe4f761002e,,,4,,,,,,,,
https://www.lamudi.co.id/jual/jakarta/jakarta-utara/golf-island-pik-brand-new-12x20-2-5-lantai-jual-ce-174856915811/,Rp 11M,Jual,"Rumah 
 -
Rumah",Tidak,12 Hari Yang Lalu,4,4,300,240,HO68390C467F8B8ID,https://www.lamudi.co.id/s/68390c4bc3f04,29/5/2025,4,,,,,,,,,
https://www.lamudi.co.id/jual/jakarta/jakarta-selatan/rumah-mewah-lokasi-strategis-bebas-banjir-pejaten-174377482614/,"Rp 3,30M",Jual,"Rumah 
 -
Rumah",Tidak,16 Hari Yang Lalu,5,4,240,110,HO67EFE46A4BF7DID,https://www.lamudi.co.id/s/67efe46f63108,,,,,,,,,,,
https://www.lamudi.co.id/jual/jakarta/jakarta-timur/minimalis-modern-2-lantai-di-kavling-marinir-duren-174756083520/,"Rp 6,50M",Jual,"Rumah 
 -
Rumah",Tidak,23 Hari Yang Lalu,5,6,625,511,HO6829A98389D70ID,https://www.lamudi.co.id/s/6829a98602d98,,4,,,,,,,,,
https://www.lamudi.co.id/jual/jakarta/jakarta-timur/rumah-cantik-minimalis-modern-2-lantai-di-pisangan-174961079175/,"Rp 1,10M",Jual,"Rumah 
 -
Rumah",Tidak,3 Jam Yang Lalu,3,3,70,50,HO66A1BE1C41BDFID,https://www.lamudi.co.id/s/66a3351edf7e6,,1,,,,,,,,,
https://www.lamudi.co.id/jual/jakarta/jakarta-timur/rumah-syariah-2-lantai-dekat-st-lrt-ciracas-shm-fr-174943852622/,"Rp 1,17M",Jual,"Rumah 
 -
Townhouse",Tidak,2 Hari Yang Lalu,3,2,80,65,HO66FF8F24030ABID,https://www.lamudi.co.id/s/675924ecd6127,,1,2,,,,,,,,
https://www.lamudi.co.id/jual/jakarta/jakarta-timur/rumah-dijual-di-pondok-kelapa-jakarta-timur-2-5-la-174892868180/,"Rp 3,80M",Jual,"Rumah 
 -
Rumah",Tidak,8 Hari Yang Lalu,6,4,270,120,HO683E88A96A580ID,https://www.lamudi.co.id/s/683e88ac3b308,,,,,,,,,,,
https://www.lamudi.co.id/jual/jakarta/jakarta-selatan/kemang-timur-dijual-rumah-mewah-turun-harga-bebas-174919675825/,Rp 46M,Jual,"Rumah 
 -
Rumah",Tidak,2 Hari Yang Lalu,4,2,180,318,HO67CF1C418F4ACID,https://www.lamudi.co.id/s/67cf1c478cfb7,,10,,,,,,,,,
https://www.lamudi.co.id/jual/jakarta/jakarta-selatan/dijual-rumah-mewah-di-pondok-indah-jakarta-selatan-174773792663/,Rp 35M,Jual,"Rumah 
 -
Rumah",Tidak,21 Hari Yang Lalu,6,5,825,786,HO682C5D46109B2ID,https://www.lamudi.co.id/s/682c5d49a6b2b,,,,,,,,,,,
https://www.lamudi.co.id/jual/jakarta/jakarta-pusat/rumah-kemayoran-2-lantai-7x15-minimalis-jual-murah-174861901757/,"Rp 2,27M",Jual,"Rumah 
 -
Rumah",Tidak,9 Hari Yang Lalu,4,3,180,105,HO6839CF0953028ID,https://www.lamudi.co.id/s/6839cf0eddc57,29/5/2025,,,,,,,,,,
https://www.lamudi.co.id/jual/jakarta/jakarta-barat/rumah-asri-3-lt-lokasi-strategis-di-anggrek-neli-m-174963785816/,"Rp 5,30M",Jual,"Rumah 
 -
Rumah",Tidak,39 Menit Yang Lalu,4,4,330,180,HO679B7E14CDE16ID,https://www.lamudi.co.id/s/679b7f288c24b,28/1/2025,2,3,1,1,,,,,,
https://www.lamudi.co.id/jual/jakarta/jakarta-timur/rumah-baru-elegan-strategis-di-cluster-vastu-jgc-c-174725505144/,"Rp 2,90M",Jual,"Rumah 
 -
Rumah",Tidak,16 Hari Yang Lalu,5,4,140,105,HO6694CE940274EID,https://www.lamudi.co.id/s/66962d71b0a35,,,,,,,,,,,
https://www.lamudi.co.id/jual/jakarta/jakarta-utara/rumah-agung-utara-3-lantai-jual-cepat-siap-huni-ju-174870437465/,"Rp 2,10M",Jual,"Rumah 
 -
Rumah",Tidak,9 Hari Yang Lalu,4,3,180,89,HO683B1C7621CAEID,https://www.lamudi.co.id/s/683b1c7b4572d,30/5/2025,1,,,,,,,,,
https://www.lamudi.co.id/jual/jakarta/jakarta-selatan/dijual-lahan-dan-bangunan-kost2an-174240530449/,"Rp 78,75M",Jual,"Rumah 
 -
Rumah Kosan",Tidak,6 Hari Yang Lalu,10,10,400,1750,HO67DAFEB8D1FC4ID,https://www.lamudi.co.id/s/67dafebc679c7,,20,,,,,,,,,
https://www.lamudi.co.id/jual/jakarta/jakarta-selatan/harga-njop-brand-new-house-private-pool-di-pejaten-174869953288/,Rp 13M,Jual,"Rumah 
 -
Rumah",Tidak,9 Hari Yang Lalu,4,4,366,400,HO6822EF1086642ID,https://www.lamudi.co.id/s/6822ef14b23f1,,3,2,2,1,Nego,,,,,
https://www.lamudi.co.id/jual/jakarta/jakarta-selatan/termurah-dijual-rumah-via-lelang-di-petukangan-pes-174898423326/,"Rp 3,90M",Jual,"Rumah 
 -
Rumah",Ya,6 Hari Yang Lalu,4,4,676,834,HO683F61A92EA29ID,https://www.lamudi.co.id/s/683f61ad33ae8,,4,,,,,,,,,
https://www.lamudi.co.id/jual/jakarta/jakarta-selatan/dijual-rumah-kemang-dalam-akses-mudah-anti-banjir-174789933129/,Rp 19M,Jual,"Rumah 
 -
Rumah",Tidak,19 Hari Yang Lalu,4,3,288,598,HO682ED3C3106D3ID,https://www.lamudi.co.id/s/682ed3c74caad,,4,1,0,1,,,,,,
https://www.lamudi.co.id/jual/jakarta/jakarta-utara/rumah-pinggir-jalan-cocok-untuk-bisnis-di-jl-taria-174733621963/,"Rp 3,30M",Jual,"Rumah 
 -
Rumah",Tidak,12 Hari Yang Lalu,5,2,200,120,HO68263C1B1FA81ID,https://www.lamudi.co.id/s/68263c1ea0dc6,,,,,,,0,,,,
https://www.lamudi.co.id/jual/jakarta/jakarta-timur/rumah-tinggal-2-lantai-dekat-mall-di-kayu-putih-s8-174900635770/,"Rp 2,60M",Jual,"Rumah 
 -
Rumah",Tidak,6 Hari Yang Lalu,3,2,150,90,HO683FB8156B979ID,https://www.lamudi.co.id/s/683fb81b103d7,,1,2,,,,,,,,
https://www.lamudi.co.id/jual/jakarta/jakarta-selatan/rumah-siap-huni-dalam-komplek-elite-tebet-akses-ja-174840659241/,"Rp 9,50M",Jual,"Rumah 
 -
Rumah",Tidak,14 Hari Yang Lalu,4,3,540,390,HO683691400BD0EID,https://www.lamudi.co.id/s/68369143d9db7,27/5/2025,2,2,1,1,,,,,,
https://www.lamudi.co.id/jual/jakarta/jakarta-selatan/dijual-rumah-dengan-lokasi-strategis-di-pejaten-ba-174436224090/,"Rp 5,80M",Jual,"Rumah 
 -
Rumah",Tidak,27 Hari Yang Lalu,4,3,200,248,HO67F8DB006EAC2ID,https://www.lamudi.co.id/s/67f8db052111f,10/4/2025,,,,,,,,,,
https://www.lamudi.co.id/jual/jakarta/jakarta-timur/dijual-cepat-rumah-kota-wisata-2lantai-murah-174901152734/,"Rp 1,80M",Jual,"Rumah 
 -
Rumah",Tidak,6 Hari Yang Lalu,4,3,110,120,HO683FCC471865DID,https://www.lamudi.co.id/s/683fcc49f28de,3/6/2025,,,,,,,,,,
https://www.lamudi.co.id/jual/jakarta/jakarta-timur/jual-cepat-rumah-cantik-tanpa-perantara-bukit-golf-174936411911/,Rp 685Jt,Jual,"Rumah 
 -
Rumah",Tidak,2 Hari Yang Lalu,2,2,70,93,HO680AF33CE5DABID,https://www.lamudi.co.id/s/680af341c1145,,1,,,,,,,,,
https://www.lamudi.co.id/jual/jakarta/jakarta-utara/rumah-mewah-royal-gading-mansion-200m-17480713574/,"Rp 7,50M",Jual,"Rumah 
 -
Rumah",Tidak,16 Hari Yang Lalu,2,2,350,200,HO683173BD50EDFID,https://www.lamudi.co.id/s/683173c014731,,2,,,,,,,,,
https://www.lamudi.co.id/jual/jakarta/jakarta-timur/rumah-siap-huni-baru-dp-fleksibel-cash-kpr-2-kt-2k-174735927053/,Rp 778Jt,Jual,"Rumah 
 -
Rumah",Tidak,19 Hari Yang Lalu,2,2,58,57,HO68269626E1332ID,https://www.lamudi.co.id/s/68269629e2806,,1,,,,,,,,,
https://www.lamudi.co.id/jual/jakarta/jakarta-utara/rumah-mewah-harga-terjangkau-lokasi-dekat-mall-art-174763648441/,Rp 851Jt,Jual,"Rumah 
 -
Townhouse",Tidak,23 Hari Yang Lalu,2,2,53,32,HO682AD10490E9BID,https://www.lamudi.co.id/s/682ad106cbe0d,12/5/2025,1,,,,,,,,,
https://www.lamudi.co.id/jual/jakarta/jakarta-utara/artha-gading-villa-hadap-timur-300m-17480734696/,Rp 21M,Jual,"Rumah 
 -
Rumah",Tidak,16 Hari Yang Lalu,4,5,900,300,HO68317BFDB0123ID,https://www.lamudi.co.id/s/68317c01d3427,,7,,,,,,,,,
https://www.lamudi.co.id/jual/jakarta/jakarta-selatan/di-jual-rumah-murah-di-bawah-njop-50-via-lelang-lo-174836484979/,"Rp 5,40M",Jual,"Rumah 
 -
Rumah",Ya,14 Hari Yang Lalu,6,4,500,570,HO6835EE314E5DDID,https://www.lamudi.co.id/s/6835ee3459b34,,2,,,,,,,,,
https://www.lamudi.co.id/jual/jakarta/jakarta-barat/rumah-3-lantai-di-taman-palem-lestari-jakbar-174841917246/,"Rp 4,50M",Jual,"Rumah 
 -
Rumah",Tidak,9 Hari Yang Lalu,4,4,200,480,HO6836C2649D33BID,https://www.lamudi.co.id/s/6836ec5b37e29,22/5/2025,2,,,,,,,,,
https://www.lamudi.co.id/jual/jakarta/jakarta-timur/rumah-lokasi-ramai-dijalan-utama-di-cakung-s8063-17490061597/,"Rp 1,90M",Jual,"Rumah 
 -
Rumah",Tidak,6 Hari Yang Lalu,3,2,140,172,HO683FB74F01013ID,https://www.lamudi.co.id/s/683fb751b6ad2,,,1,,,,,,,,
https://www.lamudi.co.id/jual/jakarta/jakarta-timur/rumah-hook-2-lantai-semi-furnished-pulomas-s8619-174900699350/,"Rp 8,50M",Jual,"Rumah 
 -
Rumah",Tidak,6 Hari Yang Lalu,3,3,337,413,HO683FBA915610EID,https://www.lamudi.co.id/s/683fba957d3eb,,4,,,,,,,,,
https://www.lamudi.co.id/jual/jakarta/jakarta-selatan/dijual-rumah-murah-via-lelang-lokasi-bintaro-174826634559/,"Rp 1,50M",Jual,"Rumah 
 -
Rumah",Ya,15 Hari Yang Lalu,3,2,200,120,HO68346D69BFDADID,https://www.lamudi.co.id/s/68346d6d2dc67,,1,,,,,,,,,
https://www.lamudi.co.id/jual/jakarta/jakarta-utara/rumah-di-pinggir-jalan-raya-cocok-untuk-usaha-di-d-172431476244/,"Rp 1,60M",Jual,"Rumah 
 -
Rumah",Tidak,9 Hari Yang Lalu,4,2,170,207,HO66C6F48AC6AC5ID,https://www.lamudi.co.id/s/66c746d3a2334,,,,,,,,,,,
https://www.lamudi.co.id/jual/jakarta/jakarta-pusat/rumah-baru-mewah-di-tengah-jakarta-17475338036/,"Rp 2,36M",Jual,"Rumah 
 -
Rumah",Tidak,23 Hari Yang Lalu,4,4,96,63,HO68293FEBF1888ID,https://www.lamudi.co.id/s/68293fef9874d,31/12/2024,,,,,,,,,,
https://www.lamudi.co.id/jual/jakarta/jakarta-barat/dijual-rumah-2-lt-hdp-selatan-shm-daan-mogot-baru-17468401794/,"Rp 1,80M",Jual,"Rumah 
 -
Rumah",Tidak,14 Hari Yang Lalu,3,2,130,90,HO681EAA734F68AID,https://www.lamudi.co.id/s/681eaa77341b8,,1,,,,,,,,,
https://www.lamudi.co.id/jual/jakarta/jakarta-timur/di-jual-cepat-dan-murah-rumah-siap-huni-klender-du-174565320531/,"Rp 1,45M",Jual,"Rumah 
 -
Rumah",Tidak,15 Hari Yang Lalu,3,2,135,97,HO680C8C0699C63ID,https://www.lamudi.co.id/s/680c8debc536a,,,,,,,,,,,
https://www.lamudi.co.id/jual/jakarta/jakarta-barat/dijual-rumah-mewah-view-taman-5menit-dari-mal-puri-174826162617/,Rp 10M,Jual,"Rumah 
 -
Rumah",Tidak,15 Hari Yang Lalu,4,3,700,200,HO6830396ABD7C1ID,https://www.lamudi.co.id/s/6830396d931f8,30/4/2025,3,,,,,,,,,
https://www.lamudi.co.id/jual/jakarta/jakarta-timur/rumah-baru-kecil-tapi-menarik-174764866970/,Rp 497Jt,Jual,"Rumah 
 -
Rumah",Tidak,23 Hari Yang Lalu,2,2,41,21,HO682936B6239EBID,https://www.lamudi.co.id/s/682936b89ee52,,,,,,,,,,,
https://www.lamudi.co.id/jual/jakarta/jakarta-selatan/di-jual-rumah-murah-via-lelang-lokasi-cilandak-17479113654/,"Rp 2,60M",Jual,"Rumah 
 -
Rumah",Ya,19 Hari Yang Lalu,4,3,246,350,HO682F02C52B424ID,https://www.lamudi.co.id/s/682f02c8c77dc,,2,,,,,,,,,
https://www.lamudi.co.id/jual/jakarta/jakarta-barat/dijual-rumah-tua-anggrek-garuda-kemanggisan-slipi-174853327631/,"Rp 4,90M",Jual,"Rumah 
 -
Rumah",Tidak,12 Hari Yang Lalu,1,1,120,221,HO6838801CF2466ID,https://www.lamudi.co.id/s/68388021d3ce1,,1,,,,,,,,,
https://www.lamudi.co.id/jual/jakarta/jakarta-timur/jual-rmh-baru-mungil-tapi-cantik-di-pisangan-baru-174752994282/,"Rp 293,50Jt",Jual,"Rumah 
 -
Rumah",Tidak,23 Hari Yang Lalu,1,1,29,19,HO682930D6E12E2ID,https://www.lamudi.co.id/s/682930d996a62,,,,,,,,,,,
https://www.lamudi.co.id/jual/jakarta/jakarta-selatan/di-jual-rumah-siap-huni-di-bintaro-17484332057/,"Rp 2,50M",Jual,"Rumah 
 -
Rumah",Tidak,12 Hari Yang Lalu,3,2,64,186,HO6836F9350EDF0ID,https://www.lamudi.co.id/s/6836f9396df8f,,1,,,,,,,,,
https://www.lamudi.co.id/jual/jakarta/jakarta-timur/rumah-tinggal-2-lt-dalam-komplek-pemda-dki-pondok-174900683728/,"Rp 1,20M",Jual,"Rumah 
 -
Rumah",Tidak,6 Hari Yang Lalu,4,2,108,67,HO683FB9F52519EID,https://www.lamudi.co.id/s/683fb9fa9d696,,1,2,,,,,,,,
https://www.lamudi.co.id/jual/jakarta/jakarta-selatan/rumah-3-lantai-bebas-banjir-komplek-green-permata-174954402857/,"Rp 3,60M",Jual,"Rumah 
 -
Rumah",Tidak,1 Hari Yang Lalu,3,4,300,140,HO68246B81B40ECID,https://www.lamudi.co.id/s/68246b8640de9,,2,3,1,1,Nego,,,,,
https://www.lamudi.co.id/jual/jakarta/jakarta-timur/rumah-bagus-siap-huni-dan-bebas-banjir-di-pulomas-174799575926/,"Rp 3,70M",Jual,"Rumah 
 -
Rumah",Tidak,16 Hari Yang Lalu,2,1,120,144,HO68304C6FE46EBID,https://www.lamudi.co.id/s/68304c746e5a6,,2,,,,,,,,,
https://www.lamudi.co.id/jual/jakarta/jakarta-timur/rumah-2-lantai-mewah-promo-besar-terbatas-cluster-174857665181/,"Rp 2,90M",Jual,"Rumah 
 -
Rumah",Tidak,12 Hari Yang Lalu,5,4,140,105,HO6839298BF2CD7ID,https://www.lamudi.co.id/s/6839299140e48,,2,,,,,,,,,
https://www.lamudi.co.id/jual/jakarta/jakarta-timur/hunian-cipinang-elok-2-lantai-jakarta-timur-172741145447/,"Rp 482,50Jt",Jual,"Rumah 
 -
Rumah",Tidak,5 Bulan Yang Lalu,2,2,39,20,HO666D1BB97BF22ID,https://www.lamudi.co.id/s/666d3e68de56e,18/9/2024,,,,,,,,,,
https://www.lamudi.co.id/jual/jakarta/jakarta-selatan/rumah-baru-sultan-konsep-amerika-classic-super-str-171996775464/,"Rp 15,50M",Jual,"Rumah 
 -
Rumah",Tidak,17 Hari Yang Lalu,4,3,400,515,HO6684A00AB69E9ID,https://www.lamudi.co.id/s/6684e7890ba92,,,,,,,,,,,
https://www.lamudi.co.id/jual/jakarta/jakarta-selatan/rumah-di-senopati-area-kebayoran-baru-174845072618/,Rp 43M,Jual,"Rumah 
 -
Rumah",Tidak,12 Hari Yang Lalu,3,4,320,458,HO67CE739C1C751ID,https://www.lamudi.co.id/s/67ce73a7b9e75,,8,,,,,,,,,
https://www.lamudi.co.id/jual/jakarta/jakarta-timur/rumah-strategis-dekat-cibubur-10-mnt-ke-pintu-tol-173262592889/,Rp 780Jt,Jual,"Rumah 
 -
Rumah",Tidak,28 Hari Yang Lalu,3,1,60,93,HO66FA6CE2C4B03ID,https://www.lamudi.co.id/s/66fa6ce5407df,,,,,,,,,,,
https://www.lamudi.co.id/jual/jakarta/jakarta-timur/rumah-cluster-valeria-6x16-96m-type-5kt-metland-me-174165693743/,"Rp 1,80M",Jual,"Rumah 
 -
Rumah",Tidak,19 Hari Yang Lalu,5,3,160,96,HO67CF936912AC6ID,https://www.lamudi.co.id/s/67cf936e10269,,2,,,,,,,,,
https://www.lamudi.co.id/jual/jakarta/jakarta-pusat/di-jual-rumah-dua-lantai-shm-di-jalan-kembang-sepa-173389314513/,Rp 455Jt,Jual,"Rumah 
 -
Rumah",Tidak,7 Hari Yang Lalu,2,2,40,21,HO67591C1983B05ID,https://www.lamudi.co.id/s/67591c1f7e4ca,,,2,,,,2024,,,,
https://www.lamudi.co.id/jual/jakarta/jakarta-barat/dijual-rumah-di-taman-surya-cengkareng-jakarta-bar-173686338593/,Rp 4M,Jual,"Rumah 
 -
Rumah",Tidak,27 Hari Yang Lalu,4,4,400,278,HO67866E991D21FID,https://www.lamudi.co.id/s/67866e9dd615d,,,,,,,,,,,
https://www.lamudi.co.id/jual/jakarta/jakarta-barat/dijual-rumah-mewah-minimalis-di-taman-permata-buan-174826202254/,"Rp 9,10M",Jual,"Rumah 
 -
Rumah",Tidak,9 Hari Yang Lalu,5,6,350,144,HO6830379F91D57ID,https://www.lamudi.co.id/s/683037a2589a3,30/4/2025,3,,,,,,,,,
https://www.lamudi.co.id/jual/jakarta/jakarta-barat/ana-rumah-uk-7-5x14m-di-komplek-kavling-polri-jela-173113363545/,"Rp 3,20M",Jual,"Rumah 
 -
Rumah",Tidak,26 Hari Yang Lalu,5,3,178,105,HO672F00C39E264ID,https://www.lamudi.co.id/s/672f00c738a36,,,,,,,,,,,
https://www.lamudi.co.id/jual/jakarta/jakarta-pusat/di-jual-rumah-baru-industri-dekat-stasiun-rajawali-174739374835/,Rp 553Jt,Jual,"Rumah 
 -
Rumah",Tidak,20 Hari Yang Lalu,2,2,41,21,HO68271CD4A6550ID,https://www.lamudi.co.id/s/68271cd7ec377,,0,2,0,0,,,,,,
https://www.lamudi.co.id/jual/jakarta/jakarta-timur/rumah-di-cipayung-jakarta-timur-173476078123/,"Rp 1,42M",Jual,"Rumah 
 -
Rumah",Tidak,20 Hari Yang Lalu,3,2,86,70,HO6766594D7EBC6ID,https://www.lamudi.co.id/s/67665953921c8,,,,,,,,,,,
https://www.lamudi.co.id/jual/jakarta/jakarta-selatan/rumah-asri-komplek-palapa-siap-huni-di-pasar-mingg-174132824512/,"Rp 3,70M",Jual,"Rumah 
 -
Rumah",Tidak,23 Hari Yang Lalu,4,2,160,200,HO67CA8EB78521AID,https://www.lamudi.co.id/s/67ca8ebb11d98,,,1,,,,,,,,
https://www.lamudi.co.id/jual/jakarta/jakarta-selatan/di-jual-rumah-murah-via-lelang-lokasi-pejaten-jaks-174731385550/,"Rp 2,70M",Jual,"Rumah 
 -
Rumah",Ya,19 Hari Yang Lalu,5,3,337,389,HO6825E4BF38186ID,https://www.lamudi.co.id/s/6825e4c48718c,,3,,,,,,,,,
https://www.lamudi.co.id/jual/jakarta/jakarta-utara/di-jual-rumah-siap-huni-dekat-jis-sunter-harga-spe-174735515754/,"Rp 514,50Jt",Jual,"Rumah 
 -
Rumah",Tidak,6 Hari Yang Lalu,2,2,46,24,HO6826861567C82ID,https://www.lamudi.co.id/s/68268618dddde,31/12/2023,,,,,,,,,,
https://www.lamudi.co.id/jual/jakarta/jakarta-utara/rumah-pluit-13x25-rapi-siap-huni-akses-jalan-lebar-174019414645/,"Rp 9,50M",Jual,"Rumah 
 -
Rumah",Tidak,16 Hari Yang Lalu,4,4,550,325,HO67B9416284E96ID,https://www.lamudi.co.id/s/67b9416689a5c,,4,,,,,,,,,
https://www.lamudi.co.id/jual/jakarta/jakarta-utara/rumah-baru-minimalis-modern-dijual-di-sunter-agung-171982433213/,Rp 470Jt,Jual,"Rumah 
 -
Rumah",Tidak,9 Bulan Yang Lalu,2,2,41,21,HO66826FCC7F571ID,https://www.lamudi.co.id/s/6683200b2fc26,,,,,,,,,,,
https://www.lamudi.co.id/jual/jakarta/jakarta-timur/rumah-lt-112-siap-huni-dekat-cibubur-junction-shm-174055043115/,Rp 830Jt,Jual,"Rumah 
 -
Rumah",Tidak,28 Hari Yang Lalu,2,2,75,112,HO67BEB11F838A8ID,https://www.lamudi.co.id/s/67beb124d355c,,,,,,,,,,,
https://www.lamudi.co.id/jual/jakarta/jakarta-selatan/dijual-murah-rumah-890-meter-terogong-raya-174718799467/,Rp 25M,Jual,"Rumah 
 -
Rumah",Tidak,28 Hari Yang Lalu,3,3,890,890,HO6823F91A3B363ID,https://www.lamudi.co.id/s/6823f91c5cea4,,2,,,,,,,,,
https://www.lamudi.co.id/jual/jakarta/jakarta-selatan/rumah-mewah-2-lantai-siap-huni-di-jagakarsa-jaksel-174850318822/,"Rp 3,25M",Jual,"Rumah 
 -
Rumah",Tidak,12 Hari Yang Lalu,4,5,200,155,HO68380A9431DBBID,https://www.lamudi.co.id/s/68380a9638196,,2,,,,,,,,,
https://www.lamudi.co.id/jual/jakarta/jakarta-selatan/dijual-rumah-murah-di-bintaro-17485691199/,"Rp 2,30M",Jual,"Rumah 
 -
Rumah",Tidak,12 Hari Yang Lalu,4,3,108,130,HO68390C1FC08C6ID,https://www.lamudi.co.id/s/68390c238272f,,2,,,,,,,,,
https://www.lamudi.co.id/jual/jakarta/jakarta-timur/rumah-hook-lokasi-strategis-di-pulomas-barat-s8751-174892166595/,"Rp 8,35M",Jual,"Rumah 
 -
Rumah",Tidak,8 Hari Yang Lalu,3,2,288,522,HO683E6D41424D5ID,https://www.lamudi.co.id/s/683e6d45a3f66,,2,1,,,,,,,,
https://www.lamudi.co.id/jual/jakarta/jakarta-utara/promo-rumah-baru-pik-2-bukit-nirmala-8x15-big-balc-174963780748/,"Rp 4,50M",Jual,"Rumah 
 -
Rumah",Tidak,49 Menit Yang Lalu,3,3,179,120,HO683A691E3917CID,https://www.lamudi.co.id/s/683a6923d7724,,2,,,,,,,,,
https://www.lamudi.co.id/jual/jakarta/jakarta-timur/rumah-2-lantai-dekat-rs-di-komplek-dki-pondok-kela-174900624335/,"Rp 1,32M",Jual,"Rumah 
 -
Rumah",Tidak,6 Hari Yang Lalu,3,2,144,90,HO683FB7A36E4C0ID,https://www.lamudi.co.id/s/683fb7a8bb0cb,,1,2,,,,,,,,
https://www.lamudi.co.id/jual/jakarta/jakarta-selatan/jual-cepat-rumah-murah-di-kemang-jakarta-selatan-17370035260/,Rp 16M,Jual,"Rumah 
 -
Rumah",Tidak,20 Hari Yang Lalu,4,3,200,587,HO67889206DA926ID,https://www.lamudi.co.id/s/6788920c418aa,,40,,,,,,,,,
https://www.lamudi.co.id/jual/jakarta/jakarta-selatan/dijual-cepat-rumah-di-mampang-prapatan-jakarta-sel-174923921131/,Rp 33M,Jual,"Rumah 
 -
Rumah",Tidak,2 Hari Yang Lalu,4,4,400,777,HO683810E822D99ID,https://www.lamudi.co.id/s/683810ed632cc,,10,,,,,,,,,
https://www.lamudi.co.id/jual/jakarta/jakarta-barat/rumah-baru-dalam-komplek-di-meruya-utarajakarta-ba-173987576190/,"Rp 1,95M",Jual,"Rumah 
 -
Rumah",Tidak,11 Hari Yang Lalu,3,3,100,64,HO67B440DFDDE1BID,https://www.lamudi.co.id/s/67b440e1e0f1f,,,,,,,,,,,
https://www.lamudi.co.id/jual/jakarta/jakarta-selatan/dijual-rumah-mewah-cantik-di-pondok-indah-jakarta-171125406012/,Rp 37M,Jual,"Rumah 
 -
Rumah",Tidak,7 Hari Yang Lalu,6,8,850,675,HO65FE83F54958EID,https://www.lamudi.co.id/s/65fe8e3da2901,,,,,,,,,,,
https://www.lamudi.co.id/jual/jakarta/jakarta-pusat/rumah-murah-2lantai-di-pusat-kota-jakarta-174893838952/,"Rp 794,60Jt",Jual,"Rumah 
 -
Rumah",Tidak,7 Hari Yang Lalu,2,2,52,28,HO67C56431E8A0FID,https://www.lamudi.co.id/s/67c56437c9054,,1,,,,,,,,,
https://www.lamudi.co.id/jual/jakarta/jakarta-selatan/rumah-dijual-petukangan-utara-174831331995/,"Rp 8,40M",Jual,"Rumah 
 -
Rumah",Tidak,15 Hari Yang Lalu,8,5,400,766,HO683524E7DD06EID,https://www.lamudi.co.id/s/683525103d4b7,,,,,,,,,,,
https://www.lamudi.co.id/jual/jakarta/jakarta-pusat/rumah-nyaman-modern-daerah-strategis-tengah-kota-j-171816813821/,"Rp 2,48M",Jual,"Rumah 
 -
Rumah",Tidak,1 Bulan Yang Lalu,3,3,97,55,HO66692A4A00685ID,https://www.lamudi.co.id/s/66695c94ab57f,,,,,,,,,,,
https://www.lamudi.co.id/jual/jakarta/jakarta-timur/rumah-mewah-siap-huni-2-lantai-di-cipinang-baru-ja-171811616389/,"Rp 2,35M",Jual,"Rumah 
 -
Rumah",Tidak,28 Hari Yang Lalu,3,3,90,76,HO66685F4392CF8ID,https://www.lamudi.co.id/s/66686cef86982,,,,,,,,,,,
https://www.lamudi.co.id/jual/jakarta/jakarta-pusat/rumah-baru-2lt-dijual-murah-deket-perkantoran-kema-171982946844/,Rp 408Jt,Jual,"Rumah 
 -
Rumah",Tidak,9 Bulan Yang Lalu,2,2,37,19,HO668283DC52735ID,https://www.lamudi.co.id/s/6683ff3f8ef66,,,,,,,,,,,
https://www.lamudi.co.id/jual/jakarta/jakarta-pusat/dijual-rumah-duri-siap-huni-dekat-gajah-mada-5-8m-173061628828/,"Rp 5,80M",Jual,"Rumah 
 -
Rumah",Tidak,9 Hari Yang Lalu,3,2,136,170,HO67271BDFF3498ID,https://www.lamudi.co.id/s/67271be3384c6,,,,,,,,,,,
https://www.lamudi.co.id/jual/jakarta/jakarta-utara/rumah-2-lantai-bangunan-baru-lokasi-dekat-mall-art-173977319544/,"Rp 1,50M",Jual,"Rumah 
 -
Rumah",Tidak,14 Hari Yang Lalu,3,3,160,81,HO67B2D50B3B933ID,https://www.lamudi.co.id/s/67b2d5125e1ac,11/2/2025,1,,,,,,,,,
https://www.lamudi.co.id/jual/jakarta/jakarta-timur/rumah-2-lantai-lokasi-strategis-dekat-tol-di-cipay-172974752475/,Rp 750Jt,Jual,"Rumah 
 -
Townhouse",Tidak,14 Hari Yang Lalu,3,2,60,52,HO6719DA44E002BID,https://www.lamudi.co.id/s/6719da47dc012,,1,,,,,,,,,
https://www.lamudi.co.id/jual/jakarta/jakarta-timur/rumah-seken-terawat-di-cibubur-akses-dekat-pintu-t-173285494126/,"Rp 1,14M",Jual,"Rumah 
 -
Rumah",Tidak,28 Hari Yang Lalu,2,2,61,84,HO6749449D88D9DID,https://www.lamudi.co.id/s/6749449f902e2,,,,,,,,,,,
https://www.lamudi.co.id/jual/jakarta/jakarta-utara/rumah-murah-cantik-harga-minimalis-3-menit-jis-jak-172793030545/,Rp 455Jt,Jual,"Rumah 
 -
Townhouse",Tidak,5 Bulan Yang Lalu,2,2,41,21,HO66FE1FC18209DID,https://www.lamudi.co.id/s/66fe1fc42708b,,,,,,,,,,,
https://www.lamudi.co.id/jual/jakarta/jakarta-utara/rumah-murah-bisa-dicicil-tanpa-bunga-dekat-tol-kel-173760861043/,Rp 290Jt,Jual,"Rumah 
 -
Rumah",Tidak,18 Hari Yang Lalu,2,2,24,24,HO677158FCCCD6FID,https://www.lamudi.co.id/s/67715900218d2,,,2,1,1,CASH BERTAHAP BUNGA 0%,2025,1000000,,,
https://www.lamudi.co.id/jual/jakarta/jakarta-timur/rumah-murah-2-lantai-di-condet-171915635428/,Rp 360Jt,Jual,"Rumah 
 -
Rumah",Tidak,26 Hari Yang Lalu,2,1,40,20,HO66783E82AEF23ID,https://www.lamudi.co.id/s/667841f77b584,,,,,,,,,,,
https://www.lamudi.co.id/jual/jakarta/jakarta-pusat/rumah-mewah-dekat-rs-islam-jakarta-pusat-173389414014/,"Rp 1,19M",Jual,"Rumah 
 -
Rumah",Tidak,7 Hari Yang Lalu,3,3,61,32,HO67591FFC8EC32ID,https://www.lamudi.co.id/s/6759200156d76,31/12/2023,,,,,,,,,,
https://www.lamudi.co.id/jual/jakarta/jakarta-timur/rumah-di-jual-pinggir-jalan-besar-akses-2-mobil-di-171567213914/,"Rp 2,50M",Jual,"Rumah 
 -
Rumah",Tidak,1 Bulan Yang Lalu,3,3,90,76,HO6598F11BD2FF1ID,https://www.lamudi.co.id/s/659916c7ac7bf,,2,,,,,,,,,
https://www.lamudi.co.id/jual/jakarta/jakarta-pusat/dijual-murah-rumah-mewah-cideng-jakarta-pusat-173279065047/,"Rp 11,50M",Jual,"Rumah 
 -
Rumah",Tidak,23 Hari Yang Lalu,3,3,500,295,HO6748497A7DE61ID,https://www.lamudi.co.id/s/6748497f9aea6,,,,,,,,,,,
https://www.lamudi.co.id/jual/jakarta/jakarta-pusat/rumah-2-lantai-bergaya-modern-desain-elegan-di-cem-171876834161/,"Rp 2,26M",Jual,"Rumah 
 -
Rumah",Tidak,10 Bulan Yang Lalu,4,3,98,63,HO667252D558A1DID,https://www.lamudi.co.id/s/667331fe4890e,,,,,,,,,,,
https://www.lamudi.co.id/jual/jakarta/jakarta-utara/rumah-gading-grande-kelapa-gading-jakarta-utara-174785515618/,"Rp 5,95M",Jual,"Rumah 
 -
Rumah",Tidak,12 Hari Yang Lalu,6,3,340,160,HO66FDA0D58ABB8ID,https://www.lamudi.co.id/s/66fda0d88065f,,2,,,,,0,,,,
https://www.lamudi.co.id/jual/jakarta/jakarta-timur/rumah-minimalis-modern-shm-di-cibubur-dekat-faskes-17328549380/,"Rp 1,22M",Jual,"Rumah 
 -
Rumah",Tidak,28 Hari Yang Lalu,2,1,61,84,HO6749449AD344AID,https://www.lamudi.co.id/s/6749449c8a55d,,,,,,,,,,,
https://www.lamudi.co.id/jual/jakarta/jakarta-selatan/rumah-cluster-mewah-lebak-bulus-kpr-nego-strategis-172482386488/,"Rp 1,93M",Jual,"Rumah 
 -
Townhouse",Tidak,29 Hari Yang Lalu,3,2,86,60,HO66CEB938B9313ID,https://www.lamudi.co.id/s/66cee03b056ea,,,,,,,,,,,
https://www.lamudi.co.id/jual/jakarta/jakarta-selatan/dijual-rumah-harga-murah-di-jl-hang-lekiu-keb-baru-174790632379/,"Rp 18,50M",Jual,"Rumah 
 -
Rumah",Tidak,19 Hari Yang Lalu,4,3,317,419,HO66A7113DB48A2ID,https://www.lamudi.co.id/s/66a711f00fb26,28/7/2024,2,1,2,1,19.5M NEGO,,,,,
https://www.lamudi.co.id/jual/jakarta/jakarta-selatan/dijual-rumah-cluster-2-lantai-daerah-pasar-minggu-172118837162/,"Rp 5,60M",Jual,"Rumah 
 -
Townhouse",Tidak,28 Hari Yang Lalu,5,5,275,211,HO66974013BFB62ID,https://www.lamudi.co.id/s/669f97dc1f2ae,,,,,,,,,,,
https://www.lamudi.co.id/jual/jakarta/jakarta-timur/rumah-strategis-di-cipayung-jakarta-timur-172230966115/,"Rp 1,73M",Jual,"Rumah 
 -
Rumah",Tidak,1 Hari Yang Lalu,4,4,120,125,HO66A85C1D883FAID,https://www.lamudi.co.id/s/66a8d5a9bf03a,,,,,,,,,,,
https://www.lamudi.co.id/jual/jakarta/jakarta-barat/rumah-american-classic-meruya-jarang-ada-174054689252/,Rp 2M,Jual,"Rumah 
 -
Rumah",Tidak,15 Hari Yang Lalu,4,3,130,100,HO67BE0BE81481EID,https://www.lamudi.co.id/s/67be0bed60d5d,,,,,,,,,,,
https://www.lamudi.co.id/jual/jakarta/jakarta-timur/rumah-2lt-7x16-112m-type-2kt-cluster-jura-metland-171885949116/,"Rp 2,30M",Jual,"Rumah 
 -
Rumah",Tidak,19 Hari Yang Lalu,2,2,69,112,HO6673B6E3EAB6CID,https://www.lamudi.co.id/s/6673b79d821b2,,2,,,,,,,,,
https://www.lamudi.co.id/jual/jakarta/jakarta-selatan/rumah-murah-siap-huni-di-jagakarsa-jakarta-selatan-173113668312/,"Rp 6,40M",Jual,"Rumah 
 -
Rumah",Tidak,21 Hari Yang Lalu,4,4,268,420,HO672F0CAB4488DID,https://www.lamudi.co.id/s/672f0cb0a518a,,,,,,,,,,,
https://www.lamudi.co.id/jual/jakarta/jakarta-timur/jual-rumah-bebas-banjir-1-lt-dekat-terminal-cileun-174720690394/,Rp 810Jt,Jual,"Rumah 
 -
Rumah",Tidak,28 Hari Yang Lalu,3,2,90,120,HO67C66433D9D1DID,https://www.lamudi.co.id/s/67c66437babce,,1,1,,,,,,,,
https://www.lamudi.co.id/jual/jakarta/jakarta-selatan/dijual-cepet-rumah-cluster-mewah-2-lantai-daerah-p-172119180585/,"Rp 5,30M",Jual,"Rumah 
 -
Townhouse",Tidak,28 Hari Yang Lalu,4,3,244,138,HO66974D7D40E9CID,https://www.lamudi.co.id/s/66a1b3b763cfc,,,,,,,,,,,
https://www.lamudi.co.id/jual/jakarta/jakarta-pusat/hunian-nyaman-modern-cempaka-putih-barat-jakarta-p-172008066157/,"Rp 2,05M",Jual,"Rumah 
 -
Rumah",Tidak,16 Hari Yang Lalu,3,3,99,59,HO66865915BF608ID,https://www.lamudi.co.id/s/6686a8e85f8ca,,,,,,,,,,,
https://www.lamudi.co.id/jual/jakarta/jakarta-timur/jual-rumah-mewah-2-lantai-di-kelapa-dua-wetan-jaka-174005405039/,"Rp 1,19M",Jual,"Rumah 
 -
Townhouse",Tidak,14 Hari Yang Lalu,2,2,90,61,HO67B71E22EFDFFID,https://www.lamudi.co.id/s/67b71e2a9eb4a,,,,,,,,,,,
https://www.lamudi.co.id/jual/jakarta/jakarta-utara/rumah-rasa-villa-di-vgi-kelapa-gading-1400m2-17399922655/,Rp 45M,Jual,"Rumah 
 -
Rumah",Tidak,16 Hari Yang Lalu,5,1,800,1400,HO67B62CC985884ID,https://www.lamudi.co.id/s/67b62ccfbb29a,,,,,,,0,,,,
https://www.lamudi.co.id/jual/jakarta/jakarta-selatan/dijual-rumah-tua-hitung-tanah-jalan-benda-kemang-172558778998/,"Rp 17,50M",Jual,"Rumah 
 -
Rumah",Tidak,19 Hari Yang Lalu,3,4,400,985,HO66DA614D2E2E6ID,https://www.lamudi.co.id/s/66da6151417b6,,,,,,,,,,,
https://www.lamudi.co.id/jual/jakarta/jakarta-timur/rumah-mewah-harga-sangat-murah-semi-funish-di-clus-171593099162/,"Rp 1,60M",Jual,"Rumah 
 -
Rumah",Tidak,28 Hari Yang Lalu,4,3,75,90,HO6647076F04B28ID,https://www.lamudi.co.id/s/664707af0138d,,1,,,,,,,,,
https://www.lamudi.co.id/jual/jakarta/jakarta-timur/jual-rumah-mewah-anti-rayap-di-asya-jakarta-garden-17155730810/,"Rp 3,40M",Jual,"Rumah 
 -
Rumah",Tidak,28 Hari Yang Lalu,3,3,115,115,HO66419159C3EE4ID,https://www.lamudi.co.id/s/664191ada02e2,,2,,,,,,,,,
https://www.lamudi.co.id/jual/jakarta/jakarta-selatan/dijual-rumah-siap-huni-bisa-di-bangun-kos-kosan-ar-173947437558/,"Rp 5,50M",Jual,"Rumah 
 -
Rumah",Tidak,7 Hari Yang Lalu,6,3,300,134,HO67AE45C789E10ID,https://www.lamudi.co.id/s/67ae45cccca61,,,,,,,0,,,,
https://www.lamudi.co.id/jual/jakarta/jakarta-utara/rumah-mewah-hoek-di-cluster-elite-m-residence-sunt-17065059037/,Rp 27M,Jual,"Rumah 
 -
Rumah",Tidak,1 Hari Yang Lalu,6,6,1800,1286,HO65B7360D15269ID,https://www.lamudi.co.id/s/65b74a1fb0baa,,,,,,,,,,,
https://www.lamudi.co.id/jual/jakarta/jakarta-pusat/rumah-3-lt-di-jl-kran-letak-strategis-dekat-basarn-174045485576/,"Rp 2,11M",Jual,"Rumah 
 -
Rumah",Tidak,13 Hari Yang Lalu,3,4,164,56,HO67BD3BC79F3B3ID,https://www.lamudi.co.id/s/67bd3bcb4c018,,,,,,,,,,,
https://www.lamudi.co.id/jual/jakarta/jakarta-barat/rumah-kost-cendrawasih-cengkareng-3-lantai-31-kt-f-171496442439/,"Rp 3,50M",Jual,"Rumah 
 -
Rumah Kosan",Tidak,20 Hari Yang Lalu,10,9,200,90,HO663847C807798ID,https://www.lamudi.co.id/s/6638bbc319027,,,,,,,,,Ya,Ya,
https://www.lamudi.co.id/jual/jakarta/jakarta-timur/dijual-rumah-di-jakarta-garden-city-cluster-alaman-174697353060/,"Rp 2,25M",Jual,"Rumah 
 -
Rumah",Tidak,17 Hari Yang Lalu,3,2,123,120,HO6820B35ACC1F8ID,https://www.lamudi.co.id/s/6820b35f1cffe,,,,,,,,,,,
https://www.lamudi.co.id/jual/jakarta/jakarta-utara/rumah-2-lantai-bangunan-baru-lokasi-dekat-mall-art-173977319544/,"Rp 1,50M",Jual,"Rumah 
 -
Rumah",Tidak,14 Hari Yang Lalu,3,3,160,81,HO67B2D50B3B933ID,https://www.lamudi.co.id/s/67b2d5125e1ac,11/2/2025,1,,,,,,,,,
https://www.lamudi.co.id/jual/jakarta/jakarta-timur/rumah-2-lantai-lokasi-strategis-dekat-tol-di-cipay-172974752475/,Rp 750Jt,Jual,"Rumah 
 -
Townhouse",Tidak,14 Hari Yang Lalu,3,2,60,52,HO6719DA44E002BID,https://www.lamudi.co.id/s/6719da47dc012,,1,,,,,,,,,
https://www.lamudi.co.id/jual/jakarta/jakarta-selatan/dijual-rumah-luas-strategis-di-dekat-stasiun-tanju-174909954487/,"Rp 3,70M",Jual,"Rumah 
 -
Rumah",Tidak,6 Hari Yang Lalu,5,2,350,230,HO67AA1C207A7A2ID,https://www.lamudi.co.id/s/67aa1c2656561,,1,2,1,,"3,7 Miliar",,,,,
https://www.lamudi.co.id/jual/jakarta/jakarta-barat/rumah-permata-buana-full-renov-3-lantai-144-m2-fur-171802185793/,"Rp 5,30M",Jual,"Rumah 
 -
Rumah",Tidak,4 Bulan Yang Lalu,4,3,250.0,144,HO6666B7BBDA083ID,https://www.lamudi.co.id/s/6666d5add7c86,,,,,,,,,,,
https://www.lamudi.co.id/jual/jakarta/jakarta-selatan/rumah-pondok-indah-372-m2-ngantong-173981972852/,Rp 17M,Jual,"Rumah 
 -
Rumah",Tidak,16 Hari Yang Lalu,3,3,240,372,HO67A26BA527246ID,https://www.lamudi.co.id/s/67a26bab52b6d,,2,,,,,0,,,,
https://www.lamudi.co.id/jual/jakarta/jakarta-timur/dijual-rumah-kontrakan-8-kamar-2-unit-kios-luas-20-174663244987/,"Rp 2,34M",Jual,"Rumah 
 -
Rumah Kosan",Tidak,4 Hari Yang Lalu,10,9,180,208,HO681B7F015E0FDID,https://www.lamudi.co.id/s/681b8178aad1e,,,,,,,,,,,
https://www.lamudi.co.id/jual/jakarta/jakarta-selatan/jual-rumah-2-lantai-di-kemuning-pejaten-timur-jaka-171318004262/,"Rp 3,50M",Jual,"Rumah 
 -
Rumah",Tidak,29 Hari Yang Lalu,5,5,119,199,HO661D0D8AC311AID,https://www.lamudi.co.id/s/661efe6074fac,,0,2,0,0,,,,,,
https://www.lamudi.co.id/jual/jakarta/jakarta-selatan/dijual-rumah-lama-dalam-komplek-hitung-tanah-172546213866/,"Rp 8,50M",Jual,"Rumah 
 -
Rumah",Tidak,19 Hari Yang Lalu,7,4,300,701,HO66D8767A6C1EAID,https://www.lamudi.co.id/s/66d8767ddc997,,,,,,,,,,,
https://www.lamudi.co.id/jual/jakarta/jakarta-barat/dijual-rumah-hitung-tanah-di-tanjung-duren-timur-j-171155032374/,Rp 18M,Jual,"Rumah 
 -
Rumah",Tidak,1 Bulan Yang Lalu,7,4,875,1045,HO66042F73ADD1BID,https://www.lamudi.co.id/s/660493fa6183f,,,,,,,,,,,
https://www.lamudi.co.id/jual/jakarta/jakarta-timur/rumah-di-cibubur-country-dalam-cluster-eksklusiv-17235515730/,"Rp 1,30M",Jual,"Rumah 
 -
Rumah",Tidak,1 Hari Yang Lalu,3,3,200,120,HO66BB4F55A97A1ID,https://www.lamudi.co.id/s/66bd501733f4d,,,,,,,,,,,
https://www.lamudi.co.id/jual/jakarta/jakarta-selatan/dijual-cepat-rumah-kontrakan-murah-tebet-jakarta-s-173381450893/,Rp 450Jt,Jual,"Rumah 
 -
Rumah",Tidak,3 Jam Yang Lalu,2,1,44,44,HO6757E8ECC79D0ID,https://www.lamudi.co.id/s/6757e8ffe0a2e,,,,,,,,,,,
https://www.lamudi.co.id/jual/jakarta/jakarta-barat/ana-rumah-brand-new-uk-4x15m-di-tomang-174669637132/,"Rp 2,39M",Jual,"Rumah 
 -
Rumah",Tidak,21 Hari Yang Lalu,4,5,175,60,HO681C78B301124ID,https://www.lamudi.co.id/s/681c78b8b3bbe,,,,,,,,,,,
https://www.lamudi.co.id/jual/jakarta/jakarta-timur/dijual-rumah-semi-furnished-dan-sudah-renoved-siap-174046129088/,"Rp 1,55M",Jual,"Rumah 
 -
Rumah",Tidak,25 Hari Yang Lalu,4,3,75,90,HO67BD54EA5EDC4ID,https://www.lamudi.co.id/s/67bd54ede427c,,2,,,,,,,,,
https://www.lamudi.co.id/jual/jakarta/jakarta-utara/rumah-3-lantai-super-murah-golf-island-pik-172448889618/,Rp 20M,Jual,"Rumah 
 -
Rumah",Tidak,16 Hari Yang Lalu,4,6,444,360,HO66C99CC0B2300ID,https://www.lamudi.co.id/s/66cb388cef994,,,,,,,,,,,
https://www.lamudi.co.id/jual/jakarta/jakarta-selatan/dijual-rumah-di-pejaten-harga-murah-173295707241/,"Rp 4,50M",Jual,"Rumah 
 -
Rumah",Tidak,19 Hari Yang Lalu,9,4,400,440,HO674AD39042ADEID,https://www.lamudi.co.id/s/674ad391297dc,,1,,,,,,,,,
https://www.lamudi.co.id/jual/jakarta/jakarta-selatan/rumah-siap-huni-strategis-dekat-mrt-di-lebak-bulus-174572667794/,"Rp 1,20M",Jual,"Rumah 
 -
Rumah",Tidak,11 Hari Yang Lalu,2,1,50,72,HO680DACD56D123ID,https://www.lamudi.co.id/s/680dacd8b1cb1,,1,,,,,,,,,
https://www.lamudi.co.id/jual/jakarta/jakarta-barat/dijual-cepat-rumah-bagus-murah-lt-269-m2-greenvill-174166715764/,"Rp 4,50M",Jual,"Rumah 
 -
Rumah",Tidak,4 Jam Yang Lalu,4,4,400,269,HO67CFBB551FF81ID,https://www.lamudi.co.id/s/67cfbb5a2218b,,1,3,,,,,,,,
https://www.lamudi.co.id/jual/jakarta/jakarta-timur/dijual-rumah-di-pondok-ranggon-jakarta-timur-171954270687/,Rp 625Jt,Jual,"Rumah 
 -
Rumah",Tidak,10 Hari Yang Lalu,2,1,45,70,HO667E23B220005ID,https://www.lamudi.co.id/s/667e69abaa2c6,31/12/2021,1,,,,,,,,,
https://www.lamudi.co.id/jual/jakarta/jakarta-timur/rumah-perdana-mahakam-mts-type-topaz-jakarta-garde-172379276871/,"Rp 2,70M",Jual,"Rumah 
 -
Rumah",Tidak,29 Hari Yang Lalu,5,5,156,105,HO66BEFD80C71F5ID,https://www.lamudi.co.id/s/66bfd84b2cfc4,,2,,,,,,,,,
https://www.lamudi.co.id/jual/jakarta/jakarta-timur/dijual-rumah-model-belanda-dengan-tanah-yg-cukup-l-17424474074/,Rp 72M,Jual,"Rumah 
 -
Rumah",Tidak,26 Hari Yang Lalu,1,1,450,2882,HO67DBA32F77BBBID,https://www.lamudi.co.id/s/67dba3345cb78,19/3/2025,,,,,,,,,,
https://www.lamudi.co.id/jual/jakarta/jakarta-timur/rumah-mewah-siap-huni-bernuansa-furnished-di-asya-17328653318/,"Rp 2,90M",Jual,"Rumah 
 -
Rumah",Tidak,28 Hari Yang Lalu,4,4,115,98,HO67496D3329EA6ID,https://www.lamudi.co.id/s/67496d361e302,,2,,,,,,,,,
https://www.lamudi.co.id/jual/jakarta/jakarta-timur/hunian-cantik-kokoh-1-5lantai-pinggir-jalan-akses-173926212344/,"Rp 1,76M",Jual,"Rumah 
 -
Rumah",Tidak,12 Hari Yang Lalu,3,3,100,108,HO67AB08AB56DDEID,https://www.lamudi.co.id/s/67ab08afc7a90,,,2,,,,,,,,
https://www.lamudi.co.id/jual/jakarta/jakarta-selatan/cluster-akses-2-mobil-ga-pakai-masuk-gang-di-jagak-172483588782/,"Rp 1,39M",Jual,"Rumah 
 -
Rumah",Tidak,9 Bulan Yang Lalu,3,2,88,66,HO66CEE82FB56DAID,https://www.lamudi.co.id/s/66cf85b19d8fb,,,,,,,,,,,
https://www.lamudi.co.id/jual/jakarta/jakarta-timur/rumah-perdana-mewah-bernuansa-elegan-di-maison-de-173215553451/,"Rp 2,38M",Jual,"Rumah 
 -
Rumah",Tidak,28 Hari Yang Lalu,3,2,103,84,HO673E988E113CEID,https://www.lamudi.co.id/s/673e98927c84d,,1,,,,,,,,,
https://www.lamudi.co.id/jual/jakarta/jakarta-timur/jual-rumah-mewah-anti-rayap-di-asya-jakarta-garden-17155730810/,"Rp 3,40M",Jual,"Rumah 
 -
Rumah",Tidak,28 Hari Yang Lalu,3,3,115,115,HO66419159C3EE4ID,https://www.lamudi.co.id/s/664191ada02e2,,2,,,,,,,,,
https://www.lamudi.co.id/jual/jakarta/jakarta-selatan/rumah-murah-dekat-tol-di-jagakarsa-jakarta-selatan-172441286528/,"Rp 1,45M",Jual,"Rumah 
 -
Rumah",Tidak,12 Hari Yang Lalu,3,3,100,62,HO66C873C1F0CAFID,https://www.lamudi.co.id/s/66c980cf31d4b,,,,,,,,,,,
https://www.lamudi.co.id/jual/jakarta/jakarta-timur/di-jual-rumah-cantik-dan-modern-di-jalan-pisangan-170191449432/,"Rp 1,20M",Jual,"Rumah 
 -
Rumah",Tidak,7 Hari Yang Lalu,3,3,85,50,HO6571277ED0E65ID,https://www.lamudi.co.id/s/6571a4f20b7f9,,,,,,,,,,,
https://www.lamudi.co.id/jual/jakarta/jakarta-pusat/rumah-ready-cempaka-putih-5-dekat-rsij-salemba-raw-17447736288/,"Rp 1,58M",Jual,"Rumah 
 -
Rumah",Tidak,19 Hari Yang Lalu,3,3,78,45,HO67848C99E3D66ID,https://www.lamudi.co.id/s/67848c9d6bc62,,1,2,,,1.581.000.000,2025,,,,
https://www.lamudi.co.id/jual/jakarta/jakarta-selatan/umala-andara-modern-tropical-townhouse-w-private-l-172715520960/,"Rp 4,50M",Jual,"Rumah 
 -
Rumah",Tidak,20 Hari Yang Lalu,3,2,293,88,HO66F24C09572E1ID,https://www.lamudi.co.id/s/66f24c0dc0527,,2,,,,,,,,,
https://www.lamudi.co.id/jual/jakarta/jakarta-barat/ana-rumah-uk-9x17m-di-jelambar-174670029880/,"Rp 5,50M",Jual,"Rumah 
 -
Rumah",Tidak,27 Hari Yang Lalu,2,4,485,153,HO681C880ABFA18ID,https://www.lamudi.co.id/s/681c880f6ff39,,,,,,,,,,,
https://www.lamudi.co.id/jual/jakarta/jakarta-selatan/rumah-mewah-klasik-ditengah-kebayoran-baru-750m-da-174824009952/,Rp 28M,Jual,"Rumah 
 -
Rumah",Tidak,16 Hari Yang Lalu,5,5,800,712,HO67A2660378CCBID,https://www.lamudi.co.id/s/67a266097cfe1,,,,,,,0,,,,
https://www.lamudi.co.id/jual/jakarta/jakarta-barat/ana-rumah-baru-uk-4x16m-di-mini-komplek-jelambar-17440930957/,"Rp 2,20M",Jual,"Rumah 
 -
Rumah",Tidak,21 Hari Yang Lalu,1,3,216,64,HO67F4BFA7502FCID,https://www.lamudi.co.id/s/67f4bfab9d086,,,,,,,,,,,
https://www.lamudi.co.id/jual/jakarta/jakarta-timur/rumah-baru-bernuansa-mewah-elegan-di-asya-kelimutu-173215593469/,"Rp 3,18M",Jual,"Rumah 
 -
Rumah",Tidak,28 Hari Yang Lalu,4,4,154,105,HO673E9A1E7A92BID,https://www.lamudi.co.id/s/673e9a234c715,,1,,,,,,,,,
https://www.lamudi.co.id/jual/jakarta/jakarta-timur/rumah-mewah-harga-sangat-murah-semi-funish-di-clus-171619545723/,"Rp 1,55M",Jual,"Rumah 
 -
Rumah",Tidak,8 Hari Yang Lalu,4,3,75,90,HO664B108144114ID,https://www.lamudi.co.id/s/664b10ac36978,,1,,,,,,,,,
https://www.lamudi.co.id/jual/jakarta/jakarta-selatan/turun-harga-rumah-1-lantai-di-cipete-kemang-174859598455/,"Rp 4,90M",Jual,"Rumah 
 -
Rumah",Tidak,11 Hari Yang Lalu,3,2,320,360,HO672332B30C360ID,https://www.lamudi.co.id/s/68299dc8b2859,,,1,1,1,Nego,,,,,
https://www.lamudi.co.id/jual/jakarta/jakarta-utara/rumah-standar-jalan-lebar-3-mobil-di-janur-asri-ke-173895594672/,"Rp 2,50M",Jual,"Rumah 
 -
Rumah",Tidak,16 Hari Yang Lalu,3,2,110,102,HO67A65CAA59EEBID,https://www.lamudi.co.id/s/67a65cb138863,,,,,,,0,,,,
https://www.lamudi.co.id/jual/jakarta/jakarta-pusat/dijual-cepat-rumah-murah-pinggir-jalan-kemayoran-j-174080568358/,Rp 500Jt,Jual,"Rumah 
 -
Rumah",Tidak,8 Hari Yang Lalu,1,1,54,18,HO67C296337695AID,https://www.lamudi.co.id/s/67c2963732ae5,,1,3,,,,,,,,
https://www.lamudi.co.id/jual/jakarta/jakarta-selatan/dijual-rumah-seperti-vila-di-rancho-tanjung-barat-173680654557/,"Rp 3,20M",Jual,"Rumah 
 -
Rumah",Tidak,12 Hari Yang Lalu,5,5,400,350,HO6785909115796ID,https://www.lamudi.co.id/s/6787425f882ad,,,,,,,,,,,
https://www.lamudi.co.id/jual/jakarta/jakarta-selatan/dijual-rumah-murah-di-bawah-njop-di-kemang-jakarta-174582237636/,"Rp 13,50M",Jual,"Rumah 
 -
Rumah",Tidak,11 Hari Yang Lalu,7,5,310,921,HO680F22A8DBCE5ID,https://www.lamudi.co.id/s/680f22ace8cc6,,5,,,,,,,,,
https://www.lamudi.co.id/jual/jakarta/jakarta-timur/rumah-2-lantai-lubang-buaya-173996444738/,Rp 500Jt,Jual,"Rumah 
 -
Townhouse",Tidak,6 Hari Yang Lalu,2,2,40.0,29,HO67B5C01FE7FABID,https://www.lamudi.co.id/s/67b5c0230c19e,,,,,,,,,,,
https://www.lamudi.co.id/jual/jakarta/jakarta-timur/rumah-di-cluster-terbatas-8-unit-di-lubang-buaya-j-170971232773/,Rp 979Jt,Jual,"Rumah 
 -
Townhouse",Tidak,9 Hari Yang Lalu,3,2,51,75,HO65E823C7C7106ID,https://www.lamudi.co.id/s/65e8e6e25eab1,,1,,,,,,,,,
https://www.lamudi.co.id/jual/jakarta/jakarta-selatan/dijual-rumah-dalam-cluster-siap-huni-dipejaten-bar-172586749699/,"Rp 4,50M",Jual,"Rumah 
 -
Rumah",Tidak,19 Hari Yang Lalu,4,3,325,340,HO66DEA5E85766BID,https://www.lamudi.co.id/s/66dea5ec43cad,,,,,,,,,,,
https://www.lamudi.co.id/jual/jakarta/jakarta-utara/jual-cepat-rumah-mewah-ancol-jakarta-utara-marina-172406608797/,"Rp 6,80M",Jual,"Rumah 
 -
Rumah",Tidak,16 Hari Yang Lalu,3,3,349,200,HO66C3292737524ID,https://www.lamudi.co.id/s/66c36a1d38fc0,,2,,,,,,,,,
https://www.lamudi.co.id/jual/jakarta/jakarta-selatan/rumah-murah-lenteng-agung-jakarta-selatan-173492093699/,"Rp 1,40M",Jual,"Rumah 
 -
Rumah",Ya,23 Hari Yang Lalu,3,2,300,299,HO6768CAE896568ID,https://www.lamudi.co.id/s/6768caeb11205,,,,,,,,,,,
https://www.lamudi.co.id/jual/jakarta/jakarta-utara/jual-rumah-3-lantai-bgm-pik-uk-10x18m-baru-renovas-17240660739/,"Rp 9,40M",Jual,"Rumah 
 -
Rumah",Tidak,16 Hari Yang Lalu,3,3,320,180,HO66C3291949B07ID,https://www.lamudi.co.id/s/66c3977b2dbec,,,,,,,,,,,
https://www.lamudi.co.id/jual/jakarta/jakarta-utara/dijual-rumah-gading-griya-lestari-kelapa-gading-ja-174680027739/,"Rp 2,30M",Jual,"Rumah 
 -
Rumah",Tidak,17 Hari Yang Lalu,2,2,122,150,HO681E0E95E2F53ID,https://www.lamudi.co.id/s/681e0e9b72ad3,8/5/2025,,,,,,,,,,
https://www.lamudi.co.id/jual/jakarta/jakarta-utara/jual-rumah-cluster-bgm-pik-uk-10x23m-semifurnish-172406608378/,"Rp 10,50M",Jual,"Rumah 
 -
Rumah",Tidak,16 Hari Yang Lalu,4,4,300,230,HO66C32923484A8ID,https://www.lamudi.co.id/s/66c34471ec954,,,,,,,,,,,
https://www.lamudi.co.id/jual/jakarta/jakarta-barat/ana-rumah-hitung-tanah-uk-5-5x20m-di-komplek-kavli-174676734414/,"Rp 1,95M",Jual,"Rumah 
 -
Rumah",Tidak,21 Hari Yang Lalu,4,2,167,116,HO681D8DF0B437EID,https://www.lamudi.co.id/s/681d8df521241,,,,,,,,,,,
https://www.lamudi.co.id/jual/jakarta/jakarta-timur/rumah-2-lantai-cilangkap-173996336641/,Rp 750Jt,Jual,"Rumah 
 -
Townhouse",Tidak,2 Hari Yang Lalu,3,2,70.0,50,HO67B5BBE691BC8ID,https://www.lamudi.co.id/s/67b5bbe9ab554,,,,,,,,,,,
https://www.lamudi.co.id/jual/jakarta/jakarta-selatan/kebayoran-baru-pusat-jakarta-rumah-lama-di-lokasi-17491948995/,"Rp 23,50M",Jual,"Rumah 
 -
Rumah",Tidak,2 Hari Yang Lalu,4,2,180,318,HO67CF2962E0669ID,https://www.lamudi.co.id/s/67cf29679c773,,,,,,,,,,,
https://www.lamudi.co.id/jual/jakarta/jakarta-pusat/rumah-baru-siap-huni-lokasi-strategis-di-kemayoran-17440533325/,"Rp 2,20M",Jual,"Rumah 
 -
Rumah",Tidak,3 Jam Yang Lalu,3,3,190,81,HO67F4245449290ID,https://www.lamudi.co.id/s/67f4245862bfc,,0,,,,,0,,,,
https://www.lamudi.co.id/jual/jakarta/jakarta-barat/dijual-cepat-rumah-2-lantai-puri-media-jakarta-bar-174667412068/,"Rp 4,20M",Jual,"Rumah 
 -
Rumah",Tidak,27 Hari Yang Lalu,3,2,320,162,HO681C21C845224ID,https://www.lamudi.co.id/s/681c21cceb675,,,,,,,,,,,
https://www.lamudi.co.id/jual/jakarta/jakarta-barat/dijual-rumah-2-lantai-di-grogol-jakarta-barat-beba-174278885984/,"Rp 2,70M",Jual,"Rumah 
 -
Rumah",Tidak,1 Hari Yang Lalu,3,2,200,105,HO67E0D8FBA53BCID,https://www.lamudi.co.id/s/67e0d90fa9d5a,,,,,,,,,,,
https://www.lamudi.co.id/jual/jakarta/jakarta-pusat/dijual-rumah-cantik-di-pusat-jakarta-171887216277/,Rp 67M,Jual,"Rumah 
 -
Rumah",Tidak,6 Hari Yang Lalu,5,4,511,722,HO6673E862A1721ID,https://www.lamudi.co.id/s/667bd13d1439d,,4,,,,,,,,,
https://www.lamudi.co.id/jual/jakarta/jakarta-barat/rumah-kost-aktif-grogol-income-1-9m-thn-okupansi-9-173432210757/,"Rp 18,50M",Jual,"Rumah 
 -
Rumah Kosan",Tidak,16 Hari Yang Lalu,103,103,1725,635,HO675FA7BB07ACAID,https://www.lamudi.co.id/s/675fa7c37cc45,,,,,,,,,,,
https://www.lamudi.co.id/jual/jakarta/jakarta-selatan/rumah-tebet-barat-mas-siap-huni-akses-mobil-174668826879/,"Rp 2,50M",Jual,"Rumah 
 -
Rumah",Tidak,27 Hari Yang Lalu,3,2,150,130,HO681C590CE1D78ID,https://www.lamudi.co.id/s/681c590f696b1,,1,,,,,,,,,
https://www.lamudi.co.id/jual/jakarta/jakarta-selatan/hunian-nyaman-di-lokasi-terbaik-174230208013/,"Rp 11,90M",Jual,"Rumah 
 -
Rumah",Tidak,9 Hari Yang Lalu,5,3,350,500,HO67D96B8072F95ID,https://www.lamudi.co.id/s/67d96b83e1f47,,,,,,,,,,,
https://www.lamudi.co.id/jual/jakarta/jakarta-timur/rumah-2-lantai-lokasi-strategis-di-rawamangun-jaka-174275789272/,"Rp 2,55M",Jual,"Rumah 
 -
Rumah",Tidak,18 Hari Yang Lalu,5,2,200,134,HO67E0600425F00ID,https://www.lamudi.co.id/s/67e06007c12ab,,1,,,,,0,,,,
https://www.lamudi.co.id/jual/jakarta/jakarta-barat/rumah-baru-siap-huni-meruya-utara-jakarta-barat-174420825137/,"Rp 2,46M",Jual,"Rumah 
 -
Rumah",Tidak,16 Hari Yang Lalu,3,3,170,125,HO67F6817B7169CID,https://www.lamudi.co.id/s/67f6817ee30f8,,,,,,,,,,,
https://www.lamudi.co.id/jual/jakarta/jakarta-timur/dijual-rumah-murah-masuk-mobil-174445772717/,Rp 450Jt,Jual,"Rumah 
 -
Rumah",Tidak,29 Hari Yang Lalu,1,1,55,58,HO67FA4FFF24FB8ID,https://www.lamudi.co.id/s/67fa5004a2acd,11/4/2025,,,,,,,,,,
https://www.lamudi.co.id/jual/jakarta/jakarta-timur/rumah-cluster-nyaman-di-lubang-buaya-jakarta-timur-174875893528/,Rp 979Jt,Jual,"Rumah 
 -
Rumah",Tidak,9 Hari Yang Lalu,3,2,75,51,HO65AB442E40B95ID,https://www.lamudi.co.id/s/65ab45561cdc0,30/4/2024,1,,,,,,,,,
https://www.lamudi.co.id/jual/jakarta/jakarta-selatan/rumah-mewah-tanah-besar-di-pondok-indah-jakarta-se-174479216982/,Rp 56M,Jual,"Rumah 
 -
Rumah",Tidak,8 Hari Yang Lalu,4,4,600,1375,HO67FF6A6919461ID,https://www.lamudi.co.id/s/67ff6a6d65f92,,,,,,,,,,,
https://www.lamudi.co.id/jual/jakarta/jakarta-pusat/di-jual-hunian-tipe-cluster-siap-huni-di-johar-bar-174931136729/,Rp 550Jt,Jual,"Rumah 
 -
Rumah",Tidak,2 Hari Yang Lalu,2,2,50,24,HO681F773BE9C1DID,https://www.lamudi.co.id/s/681f7740d280d,9/5/2025,,,,,,,,,,
https://www.lamudi.co.id/jual/jakarta/jakarta-barat/dijual-murah-harga-bu-rumah-tinggal-siap-huni-grog-174428371137/,"Rp 3,70M",Jual,"Rumah 
 -
Rumah",Tidak,28 Hari Yang Lalu,3,2,215,236,HO67F7A83FAE982ID,https://www.lamudi.co.id/s/67f7a842e38fe,,3,1,1,1,,,,,,
https://www.lamudi.co.id/jual/jakarta/jakarta-selatan/jual-rumah-di-kahfi-2-jagakarsa-7menit-sya-lentemg-174775728759/,Rp 340Jt,Jual,"Rumah 
 -
Rumah",Tidak,21 Hari Yang Lalu,3,2,52,26,HO67AC3257BC425ID,https://www.lamudi.co.id/s/67ac325c30d18,19/5/2025,,,,,,,,,,
https://www.lamudi.co.id/jual/jakarta/jakarta-timur/rumah-harga-dibawah-njop-di-pulomas-barat-s8622-174483114790/,"Rp 5,86M",Jual,"Rumah 
 -
Rumah",Tidak,19 Hari Yang Lalu,3,3,434,434,HO680002AB4B1ABID,https://www.lamudi.co.id/s/680002afda194,,1,,,,,0,,,,
https://www.lamudi.co.id/jual/jakarta/jakarta-barat/v005-dijual-rumah-bagus-5x20-kav-polri-jelambar-de-174330029882/,"Rp 3,90M",Jual,"Rumah 
 -
Rumah",Tidak,19 Hari Yang Lalu,4,5,170.0,100,HO67E8A6CA20C15ID,https://www.lamudi.co.id/s/67e8b3863dff6,,,,,,,,,,,
https://www.lamudi.co.id/jual/jakarta/jakarta-timur/rumah-baru-jakarta-timur-cash-kpr-2kt-2km-2-lantai-174683692785/,"Rp 775,89Jt",Jual,"Rumah 
 -
Rumah",Tidak,2 Hari Yang Lalu,2,2,58,58,HO681E9DBFDE8B8ID,https://www.lamudi.co.id/s/681e9dc32d22f,,1,,,,,,,,,
https://www.lamudi.co.id/jual/jakarta/jakarta-barat/runah-cocok-usaha-di-taman-palem-lestari-171774084072/,Rp 880Jt,Jual,"Rumah 
 -
Rumah",Tidak,9 Hari Yang Lalu,2,2,90,56,HO6662A528B71EEID,https://www.lamudi.co.id/s/6664f13fb99f1,,,,,,,,,,,
https://www.lamudi.co.id/jual/jakarta/jakarta-barat/ana-rumah-uk-10x20m-di-jelambar-174131817630/,"Rp 5,80M",Jual,"Rumah 
 -
Rumah",Tidak,14 Hari Yang Lalu,1,3,455,200,HO67CA68204B985ID,https://www.lamudi.co.id/s/67ca6824e82d8,,,,,,,,,,,
https://www.lamudi.co.id/jual/jakarta/jakarta-selatan/rumah-bagus-di-jl-kerinci-viii-cocok-untuk-hunian-174655900272/,Rp 19M,Jual,"Rumah 
 -
Rumah",Tidak,6 Hari Yang Lalu,5,2,234,328,HO681A601AAA785ID,https://www.lamudi.co.id/s/683fbeff77e38,,1,,,,,0,,,,
https://www.lamudi.co.id/jual/jakarta/jakarta-utara/dijual-rumah-brand-new-cluster-california-pik-2-ja-171324266088/,"Rp 2,40M",Jual,"Rumah 
 -
Rumah",Tidak,21 Hari Yang Lalu,4,3,120,90,HO661E02241B7A8ID,https://www.lamudi.co.id/s/6648af8b889a2,,,,,,,,,,,
https://www.lamudi.co.id/jual/jakarta/jakarta-barat/rumah-exlusive-di-puri-indah-170983893065/,Tidak ditemukan,,,,,,,,,,,,,,,,,,,,,
https://www.lamudi.co.id/jual/jakarta/jakarta-timur/rumah-jual-cepat-siap-huni-shm-di-laseine-jakarta-17479960185/,"Rp 1,68M",Jual,"Rumah 
 -
Rumah",Tidak,16 Hari Yang Lalu,4,3,102,102,HO66F0FA8F79E70ID,https://www.lamudi.co.id/s/66f0fa91cc911,,1,,,,,,,,,
https://www.lamudi.co.id/jual/jakarta/jakarta-selatan/rumah-murah-harga-njop-hitung-tanah-di-pasar-mingg-174004004173/,"Rp 2,70M",Jual,"Rumah 
 -
Rumah",Tidak,18 Hari Yang Lalu,3,3,450.0,388,HO67B6E76930523ID,https://www.lamudi.co.id/s/67b6e774b6e28,,,,,,,,,,,
https://www.lamudi.co.id/jual/jakarta/jakarta-barat/grand-batavia-puri-jaya-by-jaya-group-171870556442/,Rp 560Jt,Jual,"Rumah 
 -
Rumah",Tidak,1 Bulan Yang Lalu,2,2,46,60,HO66715D9CC210AID,https://www.lamudi.co.id/s/667180c295f95,,,,,,,,,,,
https://www.lamudi.co.id/jual/jakarta/jakarta-selatan/rumah-mewah-lokasi-nyaman-di-jalan-bangka-mampang-173036454064/,"Rp 17,50M",Jual,"Rumah 
 -
Rumah",Tidak,19 Hari Yang Lalu,4,4,950,738,HO6723447C07440ID,https://www.lamudi.co.id/s/6723447f983da,,,,,,,,,,,
https://www.lamudi.co.id/jual/jakarta/jakarta-timur/di-jual-butuh-cepet-rumah-siap-huni-di-legenda-was-171750751939/,"Rp 1,25M",Jual,"Rumah 
 -
Rumah",Tidak,11 Bulan Yang Lalu,2,2,100,119,HO665F0F0FD6600ID,https://www.lamudi.co.id/s/666000e47307b,,,,,,,,,,,
https://www.lamudi.co.id/jual/jakarta/jakarta-selatan/rumah-bagus-di-lebak-bulus-bisa-untuk-usaha-atau-k-174489180017/,"Rp 14,75M",Jual,"Rumah 
 -
Rumah",Tidak,1 Hari Yang Lalu,15,15,900,1025,HO6756B57704856ID,https://www.lamudi.co.id/s/6756b57ddea4c,,,,,,,,,,,
https://www.lamudi.co.id/jual/jakarta/jakarta-pusat/cikini-jakarta-pusat-ruko-bangunan-4-lantai-turun-174919577756/,"Rp 4,50M",Jual,"Rumah 
 -
Rumah",Tidak,2 Hari Yang Lalu,4,3,380,79,HO65F06E329D323ID,https://www.lamudi.co.id/s/65f08483b3086,,,,,,,,,,,
https://www.lamudi.co.id/jual/jakarta/jakarta-timur/dijual-rumah-2-lantai-bagus-siap-huni-di-condet-kr-174543653717/,Tidak ditemukan,,,,,,,,,,,,,,,,,,,,,
https://www.lamudi.co.id/jual/jakarta/jakarta-utara/hadap-utara-rumah-layar-permai-pik-uk-12x29-171920975670/,"Rp 12,50M",Jual,"Rumah 
 -
Rumah",Tidak,11 Bulan Yang Lalu,6,5,600,348,HO66790F1C859B0ID,https://www.lamudi.co.id/s/667ac4dc1e501,,3,,,,,,,,,
https://www.lamudi.co.id/jual/jakarta/jakarta-selatan/rumah-dijual-di-antasari-cilandak-barat-jakarta-se-174176320541/,"Rp 5,50M",Jual,"Rumah 
 -
Townhouse",Tidak,24 Hari Yang Lalu,4,4,255,107,HO67D13285AB6F1ID,https://www.lamudi.co.id/s/67d132889824f,,,,,,,,,,,
https://www.lamudi.co.id/jual/jakarta/jakarta-barat/ana-rumah-baru-4-33x20m-di-kavling-polri-jelambar-172775959845/,"Rp 3,40M",Jual,"Rumah 
 -
Rumah",Tidak,12 Hari Yang Lalu,1,4,240,86,HO66FB84EE0D2D5ID,https://www.lamudi.co.id/s/66fb84f0dbc30,,,,,,,,,,,
https://www.lamudi.co.id/jual/jakarta/jakarta-utara/dijual-rumah-baru-di-pademangan-ancol-manggadua-lo-173977836436/,Rp 494Jt,Jual,"Rumah 
 -
Rumah",Tidak,18 Hari Yang Lalu,2,2,36,18,HO67B2E93CA8A96ID,https://www.lamudi.co.id/s/67b2e94341185,13/2/2025,1,2,1,1,CASH BERTAHAP BUNGA 0%,2025,1000000,,,
https://www.lamudi.co.id/jual/jakarta/jakarta-timur/rumah-baru-lebar-10-harga-bagus-di-thames-jakarta-174747466937/,"Rp 2,80M",Jual,"Rumah 
 -
Rumah",Tidak,23 Hari Yang Lalu,5,4,127,170,HO66B1C8E922D11ID,https://www.lamudi.co.id/s/66b4ba9745f75,,2,,,,,,,,,
https://www.lamudi.co.id/jual/jakarta/jakarta-timur/rumah-strategis-di-rawamangun-17389163532/,"Rp 1,50M",Jual,"Rumah 
 -
Townhouse",Tidak,20 Hari Yang Lalu,3,2,63,40.5,HO67A5C201EA16CID,https://www.lamudi.co.id/s/67a5c21048525,,,,,,,,,,,
https://www.lamudi.co.id/jual/jakarta/jakarta-utara/hadap-utara-rumah-mewah-lotus-palace-pik-ukuran-12-171842918233/,Rp 28M,Jual,"Rumah 
 -
Rumah",Tidak,10 Bulan Yang Lalu,4,6,723,450,HO666BF00095C52ID,https://www.lamudi.co.id/s/666cabc5e229d,,2,,,,,,,,,
https://www.lamudi.co.id/jual/jakarta/jakarta-barat/dijual-rumah-taman-ratu-hook-2lantai-shm-174194351353/,"Rp 3,50M",Jual,"Rumah 
 -
Rumah",Tidak,26 Hari Yang Lalu,4,4,153,171,HO67D3CDEA34515ID,https://www.lamudi.co.id/s/67d3cdee9c58b,,,,,,,,,,,
https://www.lamudi.co.id/jual/jakarta/jakarta-barat/ana-kost-baru-uk-8x19-5m-di-tanjung-duren-174011225968/,"Rp 8,90M",Jual,"Rumah 
 -
Rumah",Tidak,26 Hari Yang Lalu,38,38,512,156,HO67B80183DDEEDID,https://www.lamudi.co.id/s/67b801866adee,,,,,,,,,,,
https://www.lamudi.co.id/jual/jakarta/jakarta-selatan/rumah-2-lantai-di-tebet-barat-174491714087/,Rp 2M,Jual,"Rumah 
 -
Rumah",Tidak,19 Hari Yang Lalu,4,2,135,80,HO68015294C5185ID,https://www.lamudi.co.id/s/68015298efaca,,,,,,,0,,,,
https://www.lamudi.co.id/jual/jakarta/jakarta-timur/jual-cepat-rumah-strategis-lebar-4-5-di-pondok-kel-174065582547/,"Rp 1,40M",Jual,"Rumah 
 -
Rumah",Tidak,15 Hari Yang Lalu,3,2,90,68,HO67B95463B2B2EID,https://www.lamudi.co.id/s/67b95468d7e72,,1,,,,,,,,,
https://www.lamudi.co.id/jual/jakarta/jakarta-selatan/dijual-rumah-lama-peru-tukan-komersil-171523934975/,Rp 20M,Jual,"Rumah 
 -
Rumah",Tidak,13 Hari Yang Lalu,4,4,200.0,404,HO663C79B528183ID,https://www.lamudi.co.id/s/663e50183ba08,,,,,,,,,,,
https://www.lamudi.co.id/jual/jakarta/jakarta-utara/rumah-cantik-2-lantai-lokasi-dekat-suntermall-dan-172439950789/,Rp 855Jt,Jual,"Rumah 
 -
Townhouse",Tidak,9 Hari Yang Lalu,2,2,53,32,HO6580FBC466FE4ID,https://www.lamudi.co.id/s/6581028277cc0,13/6/2024,1,,,,,,,,,
https://www.lamudi.co.id/jual/jakarta/jakarta-timur/dijual-murah-rumah-di-pulomas-jakarta-timur-171100030438/,Rp 7M,Jual,"Rumah 
 -
Rumah",Tidak,14 Hari Yang Lalu,5,4,200,227,HO65FBCAF02CDB9ID,https://www.lamudi.co.id/s/65fbd1a33b90e,,2,1,,,NEGO,,,,,
https://www.lamudi.co.id/jual/jakarta/jakarta-timur/rumah-2-lantai-depan-jalan-raya-ciracas-173996378158/,"Rp 2,70M",Jual,"Rumah 
 -
Townhouse",Tidak,2 Hari Yang Lalu,3,2,250.0,150,HO67B5BD8524AC3ID,https://www.lamudi.co.id/s/67b5bd884498d,,,,,,,,,,,
https://www.lamudi.co.id/jual/jakarta/jakarta-utara/rumah-2-lantai-lokasi-dekat-pintu-tol-dan-rsud-koj-170320048562/,Rp 879Jt,Jual,"Rumah 
 -
Townhouse",Tidak,9 Hari Yang Lalu,2,2,55,35,HO6584C6E5D89BAID,https://www.lamudi.co.id/s/65850075a5bde,6/1/2025,1,,,,,,,,,
https://www.lamudi.co.id/jual/jakarta/jakarta-utara/d-jual-rumah-pik-2-171842765836/,"Rp 4,50M",Jual,"Rumah 
 -
Rumah",Tidak,2 Bulan Yang Lalu,4,2,360,90,HO662F42ED7F0DDID,https://www.lamudi.co.id/s/663c49b5720cb,,,,,,,,,,,
https://www.lamudi.co.id/jual/jakarta/jakarta-timur/rumah-2-lantai-dijual-di-cilangkap-jakarta-timur-171565431738/,Rp 710Jt,Jual,"Rumah 
 -
Rumah",Tidak,9 Hari Yang Lalu,3,2,105,71,HO6642CEAD01427ID,https://www.lamudi.co.id/s/6642d0baab9f1,,,,,,,,,,,
https://www.lamudi.co.id/jual/jakarta/jakarta-utara/rumah-mewah-2-lantai-hrga-murah-lokasi-dekat-kntor-171453633428/,Rp 889Jt,Jual,"Rumah 
 -
Townhouse",Tidak,18 Hari Yang Lalu,2,2,52,32,HO6631BF8E0D30EID,https://www.lamudi.co.id/s/6631dbca55349,,1,,,,,,,,,
https://www.lamudi.co.id/jual/jakarta/jakarta-utara/rumah-kelapa-nias-kelapa-gading-luas-10x20m2-173696813130/,"Rp 5,80M",Jual,"Rumah 
 -
Rumah",Tidak,12 Hari Yang Lalu,4,4,200,200,HO678807C387122ID,https://www.lamudi.co.id/s/678807c7256e3,,,,,,,0,,,,
https://www.lamudi.co.id/jual/jakarta/jakarta-utara/rumah-mewah-2-lantai-hrga-terjankau-lokasi-dekat-m-173502765410/,Rp 850Jt,Jual,"Rumah 
 -
Townhouse",Tidak,13 Hari Yang Lalu,2,2,53,32,HO676A6BC6E14A8ID,https://www.lamudi.co.id/s/676a6bc8d6a22,,1,,,,,,,,,
https://www.lamudi.co.id/jual/jakarta/jakarta-barat/jual-cepat-rumah-asri-shm-dekat-ke-jalan-raya-jogl-171800982373/,"Rp 2,90M",Jual,"Rumah 
 -
Rumah",Tidak,13 Hari Yang Lalu,3,2,350,175,HO6666BFDFA285EID,https://www.lamudi.co.id/s/666f96d57873a,,3,2,3,,,,,,,
https://www.lamudi.co.id/jual/jakarta/jakarta-utara/rumah-mewah-2-lantai-exlusif-lokasi-dekat-stadion-173669396251/,Rp 900Jt,Jual,"Rumah 
 -
Townhouse",Tidak,23 Hari Yang Lalu,2,2,56,32,HO65E3A8409CB2CID,https://www.lamudi.co.id/s/65e3bdb362a48,,1,,,,,,,,,
https://www.lamudi.co.id/jual/jakarta/jakarta-utara/rumah-mewah-2-lantai-lokasi-dekat-mall-artha-gadin-173287687224/,Rp 860Jt,Jual,"Rumah 
 -
Townhouse",Tidak,27 Hari Yang Lalu,2,2,53,32,HO67499A48AA783ID,https://www.lamudi.co.id/s/67499a4a7235a,,1,,,,,,,,,
https://www.lamudi.co.id/jual/jakarta/jakarta-timur/rumah-di-jual-di-cluster-columbus-legenda-wisata-174054711363/,"Rp 2,20M",Jual,"Rumah 
 -
Rumah",Tidak,9 Hari Yang Lalu,4,4,250,200,HO67B65BC78F64DID,https://www.lamudi.co.id/s/67b65bc9d4d74,,,,,,,,,,,
https://www.lamudi.co.id/jual/jakarta/jakarta-barat/rumah-2-tingkat-siap-huni-park-residence-taman-sur-173625909839/,"Rp 1,50M",Jual,"Rumah 
 -
Rumah",Tidak,16 Hari Yang Lalu,2,2,78,72,HO677D361ACBECBID,https://www.lamudi.co.id/s/677d361e15d84,,,,,,,,,,,
https://www.lamudi.co.id/jual/jakarta/jakarta-barat/rumah-2-lantai-bagus-shm-di-joglo-jakarta-barat-mu-171222783243/,"Rp 4,20M",Jual,"Rumah 
 -
Rumah",Tidak,2 Jam Yang Lalu,4,4,375,275,HO660E85F83B8FEID,https://www.lamudi.co.id/s/660e8f4ba2421,,5,2,1,1,,,,Tidak,Ya,
https://www.lamudi.co.id/jual/jakarta/jakarta-selatan/rumah-luas-di-komplek-bukit-pratama-lebak-bulus-ja-172550404693/,"Rp 12,50M",Jual,"Rumah 
 -
Rumah",Tidak,7 Hari Yang Lalu,4,3,481,958,HO66D91A2E72647ID,https://www.lamudi.co.id/s/66d91a317e076,,,,,,,,,,,
https://www.lamudi.co.id/jual/jakarta/jakarta-selatan/dijual-rumah-satu-lantai-di-bangka-9-172546057738/,"Rp 14,50M",Jual,"Rumah 
 -
Rumah",Tidak,19 Hari Yang Lalu,3,4,325,694,HO66D87061EDF89ID,https://www.lamudi.co.id/s/66d87063c1c53,,,,,,,,,,,
https://www.lamudi.co.id/jual/jakarta/jakarta-timur/jual-cepat-rumah-modern-semi-furnished-cluster-mat-173008490170/,Rp 3M,Jual,"Rumah 
 -
Rumah",Tidak,19 Hari Yang Lalu,4,4,146,126,HO671F0025507E6ID,https://www.lamudi.co.id/s/671f0028d2244,,2,,,,,,,,,
https://www.lamudi.co.id/jual/jakarta/jakarta-pusat/dijual-bu-rumah-hitung-tanah-luas-tanah-243m2-cide-173018753028/,"Rp 5,50M",Jual,"Rumah 
 -
Rumah",Tidak,28 Hari Yang Lalu,3,2,156,243,HO6720910A81C6EID,https://www.lamudi.co.id/s/6720910e53ec6,,,1,,,,,,,,
https://www.lamudi.co.id/jual/jakarta/jakarta-barat/puri-kencana-rumah-hit-tanah-lokasi-strategis-174825320273/,Rp 6M,Jual,"Rumah 
 -
Rumah",Tidak,15 Hari Yang Lalu,4,3,200,227,HO663F7C6E4E607ID,https://www.lamudi.co.id/s/664213b20500b,,,,,,,,,,,
https://www.lamudi.co.id/jual/jakarta/jakarta-barat/rumah-bagus-100-140-cluster-beverly-hills-duta-gar-169771431025/,"Rp 1,48M",Jual,"Rumah 
 -
Rumah",Tidak,16 Hari Yang Lalu,2,2,140,100,HO65311086B3B91ID,https://www.lamudi.co.id/s/6537d63b4162e,,1,2,1,1,,,,,,
https://www.lamudi.co.id/jual/jakarta/jakarta-barat/rumah-strategis-tenang-dan-asri-174018173478/,Rp 9M,Jual,"Rumah 
 -
Rumah",Tidak,23 Hari Yang Lalu,4,4,200,270,HO67B910E67609FID,https://www.lamudi.co.id/s/67b910e9451e4,,,,,,,,,,,
https://www.lamudi.co.id/jual/jakarta/jakarta-barat/dijual-cepat-murah-rumah-tinggal-siap-huni-tanjung-172492728668/,"Rp 2,15M",Jual,"Rumah 
 -
Rumah",Tidak,23 Hari Yang Lalu,3,2,85,62,HO66D04D363C3ADID,https://www.lamudi.co.id/s/66d04d7039c54,,,3,1,1,,,,,,
https://www.lamudi.co.id/jual/jakarta/jakarta-timur/rumah-maison-de-wisteria-ujung-menteng-cakung-jaka-173636404375/,"Rp 2,30M",Jual,"Rumah 
 -
Rumah",Tidak,12 Hari Yang Lalu,2,1,88,70,HO677ED00BC3C39ID,https://www.lamudi.co.id/s/677ed00ecb5c1,,,,,,,0,,,,
https://www.lamudi.co.id/jual/jakarta/jakarta-utara/rumah-classic-mewah-siap-huni-di-pantai-indah-kapu-172152759310/,Rp 65M,Jual,"Rumah 
 -
Rumah",Tidak,20 Hari Yang Lalu,7,6,2500,1019,HO669C6D296827EID,https://www.lamudi.co.id/s/669f42eaf171c,,,,,,,,,,,
https://www.lamudi.co.id/jual/jakarta/jakarta-selatan/rumah-luas-dengan-7kontrakan-cocok-untuk-investasi-174763862073/,"Rp 9,50M",Jual,"Rumah 
 -
Rumah",Tidak,22 Hari Yang Lalu,6,3,600,621,HO66FA309CB0263ID,https://www.lamudi.co.id/s/66fa309fe0126,,2,,,,,,,,,
https://www.lamudi.co.id/jual/jakarta/jakarta-utara/rumah-bermis-jl-kenanga-kelapa-gading-jakarta-173454889961/,"Rp 4,30M",Jual,"Rumah 
 -
Rumah",Tidak,12 Hari Yang Lalu,3,4,184,184,HO67631DA33B440ID,https://www.lamudi.co.id/s/67631da738656,,,,,,,0,,,,
https://www.lamudi.co.id/jual/jakarta/jakarta-utara/jual-cepat-rumah-standart-siap-huni-di-graha-sunte-172854584510/,"Rp 1,60M",Jual,"Rumah 
 -
Rumah",Tidak,19 Hari Yang Lalu,3,2,1,90,HO670784352CF65ID,https://www.lamudi.co.id/s/67078436c389f,,1,2,,,,,,,,
https://www.lamudi.co.id/jual/jakarta/jakarta-timur/rumah-nusa-indah-raya-cipinang-muara-jatinegara-173273444310/,"Rp 22,50M",Jual,"Rumah 
 -
Rumah",Tidak,12 Hari Yang Lalu,6,7,800,951,HO67476DEB24E1CID,https://www.lamudi.co.id/s/67476dee0d25d,,4,,,,,0,,,,
https://www.lamudi.co.id/jual/jakarta/jakarta-selatan/jual-rumah-modern-minimalist-with-pool-di-gandaria-174960879588/,"Rp 17,50M",Jual,"Rumah 
 -
Rumah",Tidak,5 Jam Yang Lalu,5,5,481,685,HO6848E95BC8BC7ID,https://www.lamudi.co.id/s/6848e9622ad86,,,,,,,,,,,
https://www.lamudi.co.id/jual/jakarta/jakarta-barat/keren-dp-2jt-aja-rumah-siap-huni-di-rumahku-mataga-174963655071/,Rp 370Jt,Jual,"Rumah 
 -
Rumah",Tidak,1 Jam Yang Lalu,2,1,30,60,HO684955C6E809CID,https://www.lamudi.co.id/s/684955cbb0971,,1,1,,,Total,2024,,Semi,,1300
https://www.lamudi.co.id/jual/jakarta/jakarta-selatan/rumah-cluster-kebagusan-124mtr-full-furnished-stra-17496266594/,"Rp 2,80M",Jual,"Rumah 
 -
Rumah",Tidak,1 Jam Yang Lalu,4,4,200,124,HO68492F2338990ID,https://www.lamudi.co.id/s/68492f2c38286,,,2,1,1,Nego,,,,,
https://www.lamudi.co.id/jual/jakarta/jakarta-timur/rumah-mewah-5-kamar-di-cibubur-jaktim-7-menit-tol-174962016534/,"Rp 3,20M",Jual,"Rumah 
 -
Rumah",Tidak,3 Jam Yang Lalu,5,3,250,278,HO684915C5EC2B3ID,https://www.lamudi.co.id/s/684915ce31017,10/6/2025,2,2,,,,2024,,,,
https://www.lamudi.co.id/jual/jakarta/jakarta-pusat/rumah-kost-cempaka-putih-akses-jalan-2-mobil-longg-17496374154/,"Rp 4,50M",Jual,"Rumah 
 -
Rumah",Tidak,1 Jam Yang Lalu,13,11,400,136,HO6849592704FD3ID,https://www.lamudi.co.id/s/6849592d732d2,,,4,,,Nego,,,Tidak,Ya,
https://www.lamudi.co.id/jual/jakarta/jakarta-barat/beli-rumah-bonus-tanah-lahan-kosong-dijual-rumah-k-174963416379/,Rp 9M,Jual,"Rumah 
 -
Rumah",Tidak,2 Jam Yang Lalu,4,4,500,405,HO68494C739F23CID,https://www.lamudi.co.id/s/68494c7c1420c,10/6/2025,2,,,,,,,Ya,Ya,
https://www.lamudi.co.id/jual/jakarta/jakarta-pusat/yuk-cek-dp-5jt-dapet-rumah-keren-berkualitas-puri-174959931645/,Rp 180Jt,Jual,"Rumah 
 -
Rumah",Tidak,6 Jam Yang Lalu,2,1,30,60,HO6848C454574DBID,https://www.lamudi.co.id/s/6848c4593ac7a,,1,1,,,Total,2024,,,,
https://www.lamudi.co.id/jual/jakarta/jakarta-selatan/rumah-siap-huni-dekat-tol-simatupang-dan-andara-173314558145/,"Rp 13,50M",Jual,"Rumah 
 -
Rumah",Tidak,1 Jam Yang Lalu,6,4,400,1000,HO674DB3ED83FFEID,https://www.lamudi.co.id/s/674db3f827f2c,,6,,,,,,,Semi,Ya,
https://www.lamudi.co.id/jual/jakarta/jakarta-selatan/rumah-siap-huni-town-house-7-residence-duren-tiga-174961312121/,Rp 17M,Jual,"Rumah 
 -
Rumah",Tidak,4 Jam Yang Lalu,5,5,536,500,HO6848FA415A280ID,https://www.lamudi.co.id/s/6848fa5db4c82,,,,,,Nego,,,,,
https://www.lamudi.co.id/jual/jakarta/jakarta-barat/dijual-rumah-murah-mewah-4-lantai-di-palmerah-resi-173997456017/,"Rp 7,50M",Jual,"Rumah 
 -
Rumah",Tidak,1 Jam Yang Lalu,7,7,655,206,HO6733F8CE2CB26ID,https://www.lamudi.co.id/s/6733f8d3e00dc,,,,,,,,,,,
https://www.lamudi.co.id/jual/jakarta/jakarta-selatan/dp-10jt-best-masterpiece-rumah-paradise-serpong-ci-17496028463/,Rp 500Jt,Jual,"Rumah 
 -
Rumah",Tidak,6 Jam Yang Lalu,2,1,36,60,HO6848D21E4E5EDID,https://www.lamudi.co.id/s/6848d223bf0b9,,1,1,,,Total,2024,,,,
https://www.lamudi.co.id/jual/jakarta/jakarta-selatan/rumah-cluster-dekat-tol-andara-jagakarsa-jakarta-s-174961814913/,"Rp 1,39M",Jual,"Rumah 
 -
Rumah",Tidak,3 Jam Yang Lalu,3,3,100,61,HO68490DE55F617ID,https://www.lamudi.co.id/s/68490dec4b343,31/5/2025,1,,,,,,,,,
https://www.lamudi.co.id/jual/jakarta/jakarta-selatan/rumah-baru-siap-huni-fully-furnished-di-cilandak-174960880987/,"Rp 4,70M",Jual,"Rumah 
 -
Rumah",Tidak,5 Jam Yang Lalu,5,4,280,130,HO6848E969F2E1DID,https://www.lamudi.co.id/s/6848e970d79c9,,2,,,,,,,,,
https://www.lamudi.co.id/jual/jakarta/jakarta-selatan/turun-harga-for-sale-pancoran-pasar-minggu-jakarta-174962786367/,"Rp 14,50M",Jual,"Rumah 
 -
Rumah",Tidak,4 Jam Yang Lalu,11,4,400,633,HO6848F26F69E98ID,https://www.lamudi.co.id/s/6848f27ceafb8,,8,,,,,,,,,
https://www.lamudi.co.id/jual/jakarta/jakarta-selatan/rumah-mewah-2-lantai-di-kelapa-tiga-kebagusan-jaks-174961388328/,"Rp 2,75M",Jual,"Rumah 
 -
Rumah",Tidak,3 Jam Yang Lalu,4,3,134,113,HO6848FD3BCF481ID,https://www.lamudi.co.id/s/6848fd416b678,10/6/2025,2,2,,,,2025,,,,
https://www.lamudi.co.id/jual/jakarta/jakarta-selatan/rumah-mewah-privat-pool-di-jakarta-selatan-dekat-m-174962186015/,Rp 17M,Jual,"Rumah 
 -
Rumah",Tidak,1 Jam Yang Lalu,4,4,950,738,HO68491C6436B6AID,https://www.lamudi.co.id/s/68491c6b26ae0,10/6/2025,2,2,,,,2025,,,,
https://www.lamudi.co.id/jual/jakarta/jakarta-selatan/rumah-cluster-di-jagakarsa-jakarta-selatan-174961787834/,Rp 865Jt,Jual,"Rumah 
 -
Rumah",Tidak,3 Jam Yang Lalu,2,2,70,41,HO68490CD65F3CBID,https://www.lamudi.co.id/s/68490cdb6c641,31/5/2025,1,,,,,,,,,
https://www.lamudi.co.id/jual/jakarta/jakarta-pusat/rumah-cempaka-putih-komplek-pertamina-lokasi-strat-174963952798/,"Rp 9,20M",Jual,"Rumah 
 -
Rumah",Tidak,47 Menit Yang Lalu,5,3,282,382,HO68496167EBB9AID,https://www.lamudi.co.id/s/6849616f10f43,,,2,2,1,Nego,,,Tidak,Ya,6600
https://www.lamudi.co.id/jual/jakarta/jakarta-selatan/rumah-baru-plus-private-pool-rooftop-di-pejaten-ba-174960006189/,"Rp 5,50M",Jual,"Rumah 
 -
Rumah",Tidak,5 Jam Yang Lalu,6,7,350,140,HO6848C73D34606ID,https://www.lamudi.co.id/s/6848c7448093f,,3,3,1,1,Nego,2025,,,,
https://www.lamudi.co.id/jual/jakarta/jakarta-barat/promo-dp0-200ha-kota-mandiri-grand-duta-city-parun-174959556798/,Rp 800Jt,Jual,"Rumah 
 -
Rumah",Tidak,6 Jam Yang Lalu,2,1,42,60,HO6848B5AF1563BID,https://www.lamudi.co.id/s/6848b5b408541,,1,1,,,Total,2024,,,,
https://www.lamudi.co.id/jual/jakarta/jakarta-pusat/rumah-premium-cempaka-putih-jakarta-pusat-174963408413/,"Rp 3,90M",Jual,"Rumah 
 -
Rumah",Tidak,2 Jam Yang Lalu,4,3,260,145,HO68494C24175DBID,https://www.lamudi.co.id/s/68494c2f23e47,,,,,,Nego,,,Tidak,,
https://www.lamudi.co.id/jual/jakarta/jakarta-barat/hanya-dp-3jt-rumah-elegan-kota-cakra-tangerang-res-174962725053/,Rp 390Jt,Jual,"Rumah 
 -
Rumah",Tidak,1 Jam Yang Lalu,2,1,33,60,HO68493172787C3ID,https://www.lamudi.co.id/s/6849317783985,,1,1,,,Total,2024,,,,
https://www.lamudi.co.id/jual/jakarta/jakarta-selatan/dijual-bu-rumah-murah-dan-bebas-banjir-di-cipete-j-174962514015/,"Rp 11,50M",Jual,"Rumah 
 -
Rumah",Tidak,1 Jam Yang Lalu,7,7,450,250,HO6849293494D7FID,https://www.lamudi.co.id/s/6849293a43ada,10/6/2025,4,,,,,,,,,
https://www.lamudi.co.id/jual/jakarta/jakarta-pusat/rumah-di-cempaka-putih-siap-huni-dg-kolam-renang-d-174668031834/,"Rp 7,50M",Jual,"Rumah 
 -
Rumah",Tidak,5 Jam Yang Lalu,4,3,300,200,HO681C39FE1FA15ID,https://www.lamudi.co.id/s/681c3a0a2ca4f,,4,2,1,1,Nego,2023,,,,
https://www.lamudi.co.id/jual/jakarta/jakarta-utara/rumah-di-gading-grande-kelapa-gading-jakarta-utara-174960958740/,"Rp 5,25M",Jual,"Rumah 
 -
Rumah",Tidak,3 Jam Yang Lalu,3,2,210,210,HO6848EC73E2555ID,https://www.lamudi.co.id/s/6848ec78e51b7,,,,,,,,,,,
https://www.lamudi.co.id/jual/jakarta/jakarta-selatan/dp-10jt-best-masterpiece-rumah-paradise-serpong-ci-174963525519/,Rp 500Jt,Jual,"Rumah 
 -
Rumah",Tidak,1 Jam Yang Lalu,2,1,36,60,HO684950B7C4F08ID,https://www.lamudi.co.id/s/684950be194ef,,1,1,,,Total,2024,,Semi,,1300
https://www.lamudi.co.id/jual/jakarta/jakarta-pusat/good-investment-rumah-cantik-lokasi-premium-di-men-174959664764/,Rp 60M,Jual,"Rumah 
 -
Rumah",Tidak,6 Jam Yang Lalu,10,6,505,629,HO6848B9E71EE77ID,https://www.lamudi.co.id/s/6848b9ec3d706,,7,2,,,,,,,,
https://www.lamudi.co.id/jual/jakarta/jakarta-selatan/cipete-rumah-luas-tanah-350-konsep-modern-tropical-17496118608/,"Rp 11,90M",Jual,"Rumah 
 -
Rumah",Tidak,3 Jam Yang Lalu,4,4,265,350,HO6848F554AF071ID,https://www.lamudi.co.id/s/6848f55a133fa,,2,,,,,,,,,
https://www.lamudi.co.id/jual/jakarta/jakarta-barat/promo-dp-0-rumah-subsidi-paling-keren-angsuran-1jt-174959786521/,Rp 185Jt,Jual,"Rumah 
 -
Rumah",Tidak,6 Jam Yang Lalu,2,1,30,60,HO6848BEA937277ID,https://www.lamudi.co.id/s/6848beaeb38fd,,1,1,,,Total,2024,,,,
https://www.lamudi.co.id/jual/jakarta/jakarta-selatan/dijual-rumah-mewah-di-cilandak-jakarta-selatan-ful-174960924581/,Rp 20M,Jual,"Rumah 
 -
Rumah",Tidak,5 Jam Yang Lalu,6,4,650,1018,HO6848EB1D687A9ID,https://www.lamudi.co.id/s/6848eb22badcd,,,,,,,,,,,
